

CREATE TABLE IF NOT EXISTS notes (
  `id` int(11) NOT NULL AUTO_INCREMENT,
  `note` double DEFAULT NULL,
  `message` varchar(255) DEFAULT NULL,
  `idUser` int(11) DEFAULT NULL,
  `idResto` int(11) DEFAULT NULL,
  `createdAt` datetime NOT NULL,
  `updatedAt` datetime NOT NULL,
  PRIMARY KEY (`id`),
  KEY `idUser` (`idUser`),
  KEY `idResto` (`idResto`)
) ENGINE=InnoDB  DEFAULT CHARSET=utf8 AUTO_INCREMENT=22 ;

--
-- Volcado de datos para la tabla notes
--

INSERT INTO notes (`id`, `note`, `message`, `idUser`, `idResto`, `createdAt`, `updatedAt`) VALUES
(1, 10, 'very Good', 1, 1, '2017-03-28 21:27:56', '2017-03-28 21:34:48'),
(6, 10, 'Excellent!', 10, 1, '2017-03-30 22:16:31', '2017-03-30 22:16:31'),
(8, 10, 'Very good!', 10, 1, '2017-03-31 09:25:54', '2017-03-31 09:25:54'),
(9, 8, 'It could be better', 10, 1, '2017-03-31 12:46:05', '2017-03-31 12:46:05'),
(12, 10, 'Je l''aime bien!', 11, 1, '2017-03-31 13:35:05', '2017-03-31 13:35:05'),
(15, 8, 'It could be better', 10, 1, '2017-03-31 13:48:53', '2017-03-31 13:48:53'),
(16, 8, 'It could be better', 10, 1, '2017-03-31 13:49:06', '2017-03-31 13:49:06'),
(19, 7, 'It was not extraordinary', 10, 1, '2017-03-31 14:03:16', '2017-03-31 14:03:16'),
(20, 10, 'Cool', 8, 2, '2017-04-05 14:53:50', '2017-04-05 14:53:50'),
(21, 10, 'Good', 10, 1, '2017-04-05 15:16:29', '2017-04-05 15:16:29');

-- --------------------------------------------------------

--
-- Estructura de tabla para la tabla restos
--

CREATE TABLE IF NOT EXISTS restos (
  `id` int(11) NOT NULL AUTO_INCREMENT,
  `nom` varchar(255) DEFAULT NULL,
  `type` varchar(255) DEFAULT NULL,
  `lat` float DEFAULT NULL,
  `lng` float DEFAULT NULL,
  `note` double DEFAULT NULL,
  `photo` text NOT NULL,
  `idUser` int(11) DEFAULT NULL,
  `createdAt` datetime NOT NULL,
  `updatedAt` datetime NOT NULL,
  PRIMARY KEY (`id`),
  KEY `idUser` (`idUser`)
) ENGINE=InnoDB  DEFAULT CHARSET=utf8 AUTO_INCREMENT=4 ;

--
-- Volcado de datos para la tabla restos
--

INSERT INTO restos (`id`, `nom`, `type`, `lat`, `lng`, `note`, `photo`, `idUser`, `createdAt`, `updatedAt`) VALUES
(1, 'Fumme', 'Italien', 45.1875, 5.72127, 9, 'data:image/jpeg;base64,/9j/4AAQSkZJRgABAQAAAQABAAD/2wCEAAkGBxMTEhUTExMWFhUXGBgaGBgYGBcaFxcYFxgYGBgYGhcaHiggGBolHRUXITEhJSkrLi4uFx8zODMtNygtLisBCgoKDg0OGxAQGy0lHyUtLSstLS8vLS0tLS0tLy0tLS0tLS0tLS0tLS0tLS0tLS0tLS0tLS0tLS0tLS0tLS0tLf/AABEIALcBFAMBIgACEQEDEQH/xAAcAAACAgMBAQAAAAAAAAAAAAAEBQMGAAIHAQj/xABEEAACAQIEAgcEBggFBQADAAABAhEAAwQSITEFQQYiUWFxgZETMqGxB0JSwdHwFCMzYnKCkuEVQ1OywiSi0uLxFoOj/8QAGQEAAwEBAQAAAAAAAAAAAAAAAQIDBAAF/8QAKREAAgICAgEEAQUAAwAAAAAAAAECEQMhEjFBBBMiUWEUMnGx8IGRof/aAAwDAQACEQMRAD8A5ovRjFAx7L0cfjT/AKDYZ7OLa3cBVjbOh8QRr5UXi+jNxWLW8UyidB15A5Cc2tQWuj2KD51xAzxo2Zw0dkxXnSyclTaPUWPi9I6AlbZR2VSreC4iP84H+f8AFakVuJg7g/zW/vFR4/lFN/Q1x2HU420MohrN0RA3GopNj8Gv+He1VQHAAJAgnZ1ntHVPrTPh/D8W96xdvwMhug5WX3GQQerzzTU/EMCDg7iAe67Af0MB8xTJ0gdnPExwZBpLOII1hZ2156VuuKR5htQCoU+91EeT4UNwi3KgjUxtsANRv5HQVDhrcYod+Yf1Wz+NX4raE5PQXirf7Udz/CfwpU6w6fxW/mR91WZ7ILXJ2IfbfUE6Ujx6rIKggAWzqZP7R9SYHypcMrbQc8NJgeOwfUD6yCAfACiMbpbX977iKmur145SwI5aM/8Aao+KN1VA5T8/7VRSbaRNxSTYoyzm17KtHR7Bhc/iVMnmO7Yb1WsNuZ7Vn+oVa8Hmz3FBBGe4T5BII/qp898aEwJcr/3kG4+ug7z9x/8AKkHEUhE8W/41Z+N2SwWNdzz+qJPnpVZ4i8qqndS3xC9tLg8DepWmGYBJw949jJ8RSQirLwtJw17+T76rjirY38mRzxqKCUGlT4JSdB9o1lm3K0dwK0DOn1j5bUmSVRZSEbaI8ZZgaCJ3nupGatOPSVnkDVXYfdXenlaJ+pjTRuBpWMK3VdK9ca1axOOiJhrWripSJNautEVx7IzReBXUeP3UK1G8NU66ct6Wb+J2NfMluJWjr1de6p3t1qy6H899RTNTRBYXaiXXqnwNR4ZdaKvp1D4V0ns6K0KstQ3d6Ky0Nf8AeNXT2QyqokdZWVlMZzqt3j1g/wCaOzfY9lZw7jALwlxW7RNc5tXQPeAOkx9qRoNNQO2DU+H4w1tkyu5RNlYyBO4AmB4gCsL9JrTPRXq/tHax3VEt1M+TMuY/VkZvTeq/0W4w2KTMRGWATOk6/cKExeBvnF2ngkKxM5tOeXSddY9KyOFNpmlStJou1q5l3Na8OU3EvqfdLbyZJ30EaxGtCzqCd6k4U6Kzs7BVQOxLGAshgT6UYHSOS4Im24UsACSIgyFB1bvEhte6pkT9faM7lD66UNxW4hu3HVh1mJXX6pdxA8QJ/mom9ePtbB5TbjYbXDWyS8kINf8Ao+spLeKj4rVY4kP1RP7i/B5/5VacO/XX+X4AD7qr3FchtdVcvVuCC0k5fZnu7TUPTupmj1CuH/ZJibf6zzb4uf8AyobjFsBQY1lge36pHzNMr/7TadfmbZ++hOkFsBdO355aeD+SJzXxZX7bRm0G33irPwJT7S6CeRGveE/Gq1YSS2o907+VWno7cVncjUGD6BZn0q2bohg/d/vyE8YuZUQgxDEA9sj+9VvjdsZFaZLM0nyWrHxi0rWGaYKssDtzHX0qu8UWLCfxn/aPwpMPaK59pjPhWFcYS8+XqkAA8iVksPQj1qqPXSOFWZ4RPMtc+78K5zcHyq2LtkfUr4r+BjZHVHhTLozb97xb5UHhfcHh9wpt0TsZhdHefjFSydMpjXyRHcTfkNdKqtwfIVd8ZhjbDZxECdfnVLvDby+Qo+n8iepjpG6DStrqAEVtHVre8OsPzzq17FrRCU64HdWl9dR5UQf2nlUV/cVyYrWn/IPdFH4HQDxoG4KYYS2coiuyftFxr5MIuJWsCpRoPzM1hTSs9mhI0W2A5H55VLiv2Z8vnWiatPaAfM71tjT1D4j513lHLpiyKEve8aLFB3Nz41qiZc3RpWV7XlOZw+/YAdQsmUB13mDp60Hm0jzpw1oytwkDINtNmdt/ANUWEACXlbKMy9WSJkGQBHb39lS5UaHC/wAdj/oLjilsp23J8JUa/Crdg8UxOUkkz4CNYIjwNU7h+LQMxZrS5kSIZYRgCCIPl3UPxHid6JS/a0OmVlDR1gDM6aHask8byS+jVCagu+jpNpwdj3Uq6SpcuW2S0pYllzRyClidPLy1rm9vHXyCMzkbzLHUGZme3nW+Fa+WGW1nadjZNySdYIYGd9opoencXdnSzproiNki6uYEKPZ7gxGhmezej2HVsGfrEA9y3I+VD4PBYi6me2gIzRIChdAZGXb63ZTn9EQW7ftHFu4oEiUgFSfqx4bVTLJRSsXDFybr+QzB3PdPf8mNKMf+zbua6PUD/wAayxxAKzISc/tTlMmAC2xHjJ86O4lwjMixduajMASCoLDXSB4VBVjlb8ml3kjUfBExJZCB9knu/V2iZ/pNR9IgApEgmR4ioONXbntP1ZYAr1gpInlrG9AIDMuC07zqT4z+dKpCPUiU5dxAicozDnoeyiODcVuWW6kENocwJGunI99S8SQHMEQqucEKfAzzIoC1ZbkOz51oVSWzHJSjLRZcXjcy3Uj3W+AiaX8TSLCGd3nw6przEXiXuNkYBj3abb615xRgbSqJ0b7jUoqpI0SlcWP+jWJdsNetluotuQDsCZk+dVBcO7nqIzGPqqT8qc8NvFcPe77YHxFBcOxeKQl7JZSBusbeBpodsGVppL8E+FAyCTrzHMadlWLoMB+sBOpYgd+x+4VVWxBZizamFHZsNdu+aa8GuMMhQfrPbrkU7HqMNT4xzpJx0Uxy+SLnx6xNppE8tvGPjXL8Sp5jsn0roYfFQ36QIQg6dSM31fd13qlcVADtG0aeEaUuF0ymdWrAxcXKBIry5eBIPZUNld6IdR2fmK0NJMyptohN0Zp7q8uONDReLwD27dt2UBbgldZ07xy7aBuxJ0oxafQsuUezV2FNcBc0UeGtKDR+CEqxGmVZ/t40Mi0Ljb5DV4YSOR+4VuUEEVHhTNsEc6ISscuzWgQATp2D76ix56nmKMw1tWcy2WSIMSNagxyKcoLwub3spPbrAMxVEtoXwKhvQT7mm2NwgQxnzGFOgI94AjU9xpfhsOHMZgpO0zr6CtUWZcqekQZaymdzhDroSNp+sd/AVlHkhfaZLbtlfaJcUq2TZhDciN/I0qFlvsn0rpzdHrDkm5aTMQNXvRoNOdwUbb6HYWJ9naPhcQ/86gsiRonhcqto5IbLdlEWOG3GBhfAdvhV8xONxGHvPasXbqW1gC0rn2YGUH3QcpmddNyanVsQ1psS+ES5aUnNd/RrQAjc51UMY5kHSDQfqH0kd+lS22VfBcNxAt5RbXYjW4iyD4mp+GYK5avW7l5VKq6swF8FioiR1G3gHnVit3bLQTh7Wv2Wvr8BdimXBuGYXEe09raZUtBf2bXixL5oHvHTqneo++nZoXp2qoo2A4v+jk2hblfaPENsAZjbXlUmMxFp4ZrUkqzgk65QM2XTnv60+xeEwS3CFw8jcF7r5vOD3UPdOHG2FtaDSXvkeH7QUHmg3ewxw5IqnRU8bYIuB+Tu0D+HKf8AlT/D4myVCKzFxOZYJgyZiBtW+LxAI0tWV7wik/1NLfGlWKuO5KBxsSZJgDw2mn5c6QvDhbPeLYgW3B3BWNCJB31HLnvQDY5Z/tVmwnQTGXFGazCxIJZde+FJYaTuBW936MMUwDAqJ2/akaeFurwSSpmbLybtFPxWJBUgGgg57T61aON9AMZhkzsocSJyZiRO0qyg+lL+DcPshz+mi/btxoVQjrSPeJU6eAqqaM7Um9ik3G5k+prz2jdp9TXYuC/R9w/FgNh7iXgd/wBewZf4lyyp8QK24/8ARnw7CW8+JviyDJEYjrEAfVQ2SznwFdaOcX9nHi1wLMtlPPWD+NR5j2mut/SGts4MKpARFAQDkEiANBp5c65KDpUsOVZE3XkrnwvE0m/Bspc7ZvjU2HW8SAmeZ0iZzd3fW+C93cDxMUfwzGi3etsSCFeTBHYRNO3+BYQTq2POGWrwsj25uBizAByfdVQc0HWZJFV7iLS09w+X96s/GeIh7gKmVhYA7xJ89aqWOaT4CPSahBfKzZkdRohtHeprnOoLZqUkHfQVZmdPQ544AMPhTJPUGhPaJ+G3lVfBp/iGtultHcQirl3EiBBMiJjvoa5wxd1EjuOb/aSKlifGNP8AP9l8q5StfS/oCw9ktmIWYia2UZMwKwGQwSD8J3p7wfCLaZNyboIIOw0keO1PLt1lXIphea7j0NJPOk68DwwtxvyVDgjknINSdQKdtwXEbeycSDrpHrsKKwGAt23zoCpI3Vmj+kGI7tqc4fH3knK/ZAKiBHZtSPJjbvYVhyJVoq1rh11TcJtXDlkAouYZwBpIkaDfntUHE+F3QqEr1SWJIgwF0YsBqAO+rdc6QXkMK4E8sogzpMUtxHFb0lhdKkzJHVB0iDliRHKiskTvZkVPHgFi6kFdhqJ6igSRusxOtAcLslrqAAnrL8CCa6jiuC8NdVuN+kFiBIVBrInUqmpExVdOCwSlki4vulDcYZhqS0BSFOYQOsNI5zWlOtGaUeTsI4SGZXZgdbjxuBGaNO7SsrMdhyjZbTXUSAVFw5Gg67DQ+I0rKVxRdSpC9umDxAtJ4l7p8veFejpfe+xa/wD6n53Kq5Neh6PBCKbLIOINfLXGChhAhZAIA0Jkkn15UfxzG3bmES37S5kVBKZuoNWXRRv7s686qVnFlCY5706weLNy0eroAwmeYIYf7z6VnnCUXyRWMoyXFjPg10NaSfsinvAPbMbqWg5AAd8pjRZG5I+1t3VS+DcTCKFYHSdo2q2dGserjEBd/Zq2oHJoMT/FWbNBxttaNOGV19gnF7il9vh4d/dQ/wDhhYBmORDsxGrfwLu3y7SKKu3R7VdJ008RzqDFXSWJYkk8yZJ8zU9pWi0lbdk9q1aUQttT+9cAdj5EZR5Ce81OmJy+6FX+FEX5AUuU16fGpvk3thXFLocYTj2ItMDbv3FjlmOX+k9U+EVYL30g4trJHUQkgB0WGiDJ1JAJKkaDTlVDe5FGLbuXMOpS27DMYKqxDQzTlgawW5d9aMPNJpNmfKoNptIJ/wASYtmZixPMkknxJ3qe3ju+lI4ViAAWtOgZ1RfaKbcs20F4Edp2E1Z2+jviCmItN3i5oO7rAH4V3sSfgb9RGOmxJjLdpAb9pfZ3xEMhKE5mAM5SM2h50l6X8JN7EPd9sxZsoOeSRkUJ706+72VbuJ9CMetpptA6r7ty2T7w7TQ2J6G8RuOzLhmZSWIIe1BEnbrVfGssI6shk9ib3X9bAum2RsIuUQqoAsaaCIkczXMK7JxfoTxC5hxbXDNOWNWQCYHMtXMeP8Fv4NzZvKQdwcrhTyOVmUZwDpKyOwmrekUlBp/Zm9e4ymnF+AC3a0mrN0Yw3DSAMW9xbhMahvZRyINuW23mKrimtdZFaDOkkjtvCvo3wd8K9hbFy22zpfvmDz0DHbvihukfQvhGFWMTdWy52CXrrOR2hCjNEzrliqb9HeNvJdPs3Zc13DocpILAs8jQ66A+tVnjzs+JvuTJN24SSdZzHnQT3Q0k0rQdjbOAXFZbV68+GgS5QZw2uynLmUaawDvp2vuH9HMJiNMPft3HJEIxvW3M92VvwqjJIovhTH29ojQi4hBG4hhqK5oEWdKxn0fvbTNeWzbQLqTeuQAogEsbJAGnOqhxPheEUH2eJts8+6jOfPO1tF9JqbpzxK9et4f2rs5zXCMxnTMFH+341U576SMbVorKbi6ZZ7coLBM6MN94JKg/Gnd9wu/lpVRw0nDN+6xiOWgaaktcZuezloaCB2Vlnhcuvs0QzqPf0WnDXJjTf0/PhRavII7PT1qvYDiYce6RGh+dTPxy1OQsQQYiG38hUHilfRoWeFdifjeOdrqg6BTA5SJ3MHWmL3wEM8gT8KS8Zb9dPIHlPdWYjHobZUGSRHP8K1yxuSiZI5FBytjThmLwgHWGJunkSyqB8TUmJGGZ8/sLzGZ619SvhHszp3VXsNduAQradhAI+NTnF3OaofCR8jV3yvRGNVtM6Jw76QrlpSoSJM6tmJ0A3K9gHpXtc7OP/cYeBnz1FeUPmG4A+JuBSMsQVBE768qG9ue70FHDhF97aMtm4dWXRWPNSPAEvE0Rb6KYw/5JHiyD5tVFxRnbm3qwEK/OB5D8KbcHaEdSZ1HxH9qa4joXcmf0i36P+FNeF9A2AIOIBzQeqk7TzLD7R5VDI1KNGvHCUZWUM2rhnLMSRGb7qtHQGw63ruf61hwATP1kafgaeJ0BtIZOIuEE8gi77QTP5FPeA9FcPabMrXixVllisa6H3Vjb5UmWXODivI2KHCakyn8Qf2ZDxMcvH/7QWL44IEIu4GpOx3iCK6xgeiWCvq1p7TG6NVzXXVbg33Xs7gPgaksdHRhkdUw9vDkkfWu3rV4dhYy1thy7ZpMXp1x+Wx83qXyqLo4lxXidwEezIUEdgOvnPdV16G9DsZjcNbf3Fdnm4/V6koBkAEtorEaRJ3q2WMDhLP6y/gLJU9brW0uBgf8ATbfvgg+VW/hnGrb2wLWHuWUQKFlQiZY0CAaQI7OyrrFCqozvNku0yrcS4fgsAy4fDWbBxMAm7iAbptg/WLNJLmCQilRpykAp+I9MWsMbXtw9zQe0VUVZKgZgMnVgzInlEgU3xot23uYi8+ZncsBlc+z1ge7uwAAmNlA5Ugu8Vwr3C5/R3YnUvaJYzvJZJqlnRx62Mui3TJMb/wBDj0tv7QAJdUQtw8ldf8u52EaE6CDALnHceucNT2d2byaJh3LQxJBypdYzIABlxLADUNua61/Bv9TDqeRtq6EEGQQVG86/Oa1u8QsMy3XupcyTlDM+VSYzSMsn6vpQ5A9km4jjcQLIxuIxDOS8LaQZbIiZCCZ7ASZJDa8xSjhn0g4kXM1knq72yGa2RJ0I35jVdR2RXvEOmgACC9ZRRsqq8egSK84T05g5SxcA6Ramf6oo2yqxxqjrvDOlFnEWlbrKzDrW/rAjcZto7DzBG1cj6ZdDbOJxzn2/6MHyhUZHcMY1yMWAkmTlGxmno4ncvAtaHs9VBYIoJkMQAusHQ7a0z6O8BxL3B7T2htGc3tCwkdoB94+RrlJ2TlhjFHPL30YGWW1iPalIzLl9ncE7HK590wYM6weyk2K6IrbMXDdVtdCAD6Ea+INdk4n0KxS4oYjD4iEChRbCico1KyxK5SddtOUb0Jxy/eyG02HS5dMZUYfqwCQudidd+Qjx501CxcWU76NOBBcUhUM4W7aZjuFy54mAMu59Kq13hdl3ZjuxJILNuTPKK6naQYG2yOEJaX0IA0gRI90aHq+tUjiRS/cYoEBZiwIgDWWyxPpz11nlPaHSQlPBbMRkHiGefi1D2+AZXVkLaGYIkmOQjn5UyIyrI96YABMmdNt5kxVu6N9H8TbKYu5CIG9xoLdYGJkaenMeNdsMlEpvTzAOow6BSQiXeUHrYnEEdXeMuXWqWw7q6f00xbG6GGVsoIMwS4mfeAkRrA13pUMMGAaAJ1hgDHqNPWuUqFcORWuHKfYXhBjQjzB/Ch/0NhZBMakNvygVZsTgzkYAEhhy1+dJ2sXFXJGYAREwfQ6fGlV22M0kkvwCcPxfs9CJBND4nW9IIIZgfjtWl4su6sPLT1qLDa3E1+svzFUS8kJNdIc44RiD/D+FL8coLbcq345cIvNGnL5UuN5juaXHB0n+Bs2Rc2icXMo2B8f7VsMWvNSPA/cfxodzpUZqvFEnlkumHe2T7Xqp+4mvKBrK7iH9RI7NxDHMwMeI7JEESfEVE9zbQnu23pa+IQnLM9wHZUnDr59mI1MAeY0PyrNWjcnsZYd7QOo63YW50Zw7iiSUJgKdNtj39mhpXh7GeSd/X/5WwcKwJX90yOXefEA0rookx/ibwuIQraRJHKVPhPLWo8DiSDEgdgA/O9bYBgs6ECdo015686i4sgy51XbQggbad/nWflJukaHGKVscLiG0Ye8OX3a68vL1q3cN4kMTaZZAuQeWxGkle0HfltXMuHPnPvAjv1I85PdpJ2pvg8S1u5KnriD/ABCNhOxjbt1B3kXxylB7MmbFGa0Zj+hmOe7nu3VvidF90eBkj4RVq4XgLzAi8iWoACm2QNtIKCVIgDXQ6RQFzpLdIBXIAR9liew/WHPlGnlQ2I6Q39lcDwC/eDWjnEz+1ka8Dq/wxQQtxVuKQZ5EEGZGu2u0n8VGL6H4djpaOu3X/wDVqBHFbratcuEcxmKkeSkD4VpedmEqXcH99hHiJ1/M9oHuRHjin9k56FYe2ykpDAgxmB5jcBNvOoLnRvBhCrIxXNmnMmkwumg7tCOVKsUiXAUkGN1JJI78rbj49k0FZ/VELkRg3YAQw/PP513P8FFiflk2I4BwwNGdlM7e0tj4hTFOOFdHsCDKorEfauXD/wAQvMetLxgrLT+rg9iyrDt909YeFMcH0eJAa1cUr9k3LmnjIJU13Nvod40ltj3h3STDWZVUUCYAtm2JYb7lQTqOc03/APycZcws3I/ehdvGq4nAzml1BBAB67REyAY3XuIpjw7o7bSB7V8vJFyhI8IPwijyn4M84Yk7YTielsLIQJ33JyidpbQDXtiaqnSRbb3heuXz7Q5TlW2CogQAGLbd2sHvq6LwbDAgZM0nXMzEeJWYJ8qnTh9pGlbaKftBRPZvvtXJT8slzxx6TOV8c6M4zGEt7NssdUdRPMKzIV9OdUDjHBbmGuezcujCDDA/A7Ed4Jr6D4rxAJoNTSzh1wXHIuqrSNMygxGvMeNFvdBttcmjmOCuWrRtYhgzKAAQuYHOFAMHMI1JOndTD/8APXe0LNxMolYdRGYAwdNhsOfbpXT7vC8Owg2LJHYbafhS7FdFcIwg4ZQP3cyf7CK6mBTRyjijrcac0RsT1gxOu8mDBiKD4ero5g6EfEHkDsdeXdXTsV9HeDubG6h5QwYf94J+NLeKfRxfW3OFvI7LJVWGQkxoJkj4gUriN7iK9AI1CzzGgPnsfjQl6yhjqz3ER6mRFD4hMZh3CYyy1ssYDEdU9wcEq3gDTHHYK/aVXdeo/uOIZG8Gnfu0I7KWmiiyJi//AAsN7rdY92vpzpbiOBQwOUEggggZTO/ugwRIpln60kR4HbyP3VOLrkddp78pkdkya62GosquP4UzOW0k8m09O30pXjMHcGpQx2jUfDargzMBCsCD6fHbzFCNm5j4fhp6U0XRKeOyqBlNQ3VAOlWq7YtP7wVj4EH+oa0uvcHQk5WK9x1HrTqSIzg6EdZTG5wa4DHVPn+NZT8kS4v6LbccATFZw26YaQZzbfxdafiay4RmgdmlS4YkPodSskc+qf8A2HpWc9BdjKySBvHZ6c6ke+Non1itMwMTv269nZXllx49/rSlRvw5mdImCDGsnsy6RzHxo3EYPNbI307CJ/DWq9heJezPIAwG3MQerH5+tVtsY1WTx2Gsd/hUpqisJWIb5yhXQMF7dsp1kGSOw/kUdw7Eh4YwTOgHP12P4UJjbLMWRdAQWykiBljsEDlz5HtqPBXrhfLIAGhUdWSAN+6fCu00DaYXiuJw5Ps2ytAYmTrEBgI37RrI7xruuYnUgiJBBGWDtEUQ6i4qq2ZY5Ekaxr56EeU7VEg9k2b/ACiZM/VPb3KTM9hJPbXcq0FLyja27LqRPbGs91EWuIgaBSF7xtVt4bwbC3FDqpPIjMeqeYMQaYHgdj/SX0q6xt7Mr9RFOqZR76I4DrlzeGvhHbPIiK9sYcb6BucaKdQOsu6mTvy5zpV+w/CrKe7aQfyihOL2/ZdcDqtofshoC9b9xl6p7IU8jTLF9sH6pN0kVW3wp3EraffmNQRoddpB03++icDwTEhwbghebBlBA7wDr5UzwHE2S4eq2QzmU6tK7mBqLiiMw+sAGGsg2e2FcCCCCJGxBH3imWNCz9TNeCrGxdDCCGHMD8DXtm3dRyMpjfu131phxPh72yWtjMu+X7PhGwoIcfQCLyMAOYEgegn4UKSF5SkrSsh450jtYQK97OFYxIRmVTyDEaCeU71Pg+lmGvr+puZm+zlYGfMa+VEOMLeUrmRgwgqSNQeRVuXcaQWuhqWLvtcJdeyR9URcT+lzPkCBTWSai+yYYG65Jy6k/Wkb+VTYfgb5gzXcsGYWPm34VvbtYs3c166l1IPVIZByynKARpruTv3Cmq6jRFPnp8vupVFDSmzdIHZ61JcurPIedQraP+mn9X/pXl3h6tvbs/zJm+ZFPZGkbmDtXqLHbSnFYDC29WSwv8Nq18ippRex+BSdUP8ACBP/AGAAUrkkOoF0vJbuIyXUVkI6ysJUjvBpJxvhWbCNZwdm3kJOZGzQY3KKZAaQOw/fROO8aCFRa9qkmdb1yYH7s9UHuM1YPo+vYl87IQLZaWL53lueWWknt1rudh4cVdlYxnRpWXPa9paH2WDOk8x1ZuW4/fXSkWMwN+0M5UsnK4hDp/Uunxmr5094gtvHKtq8iXTbUurgi25kgddSGVssTB5rIpc/E2BzXA+HuH/N0Np+ybyKVYR/qJpPvUHFDqTooV26Tz+40NeeNng981f+JX7OX/rcMAh2xVhQV/iYLJHkXHbFK7vRP2im5hL9u+ncVnwPL1M91Di0MplQuGRqFPfWpUciQfP8ipOIYK5YfLcQof4YnwmJ8RUA71OvKPvH30A2bhD4+DCsrV3WdiO6FPxIrKAoxfRyDG331olwC4GnY5TyENMfGK9vJ1839pqHG28yM3MCR3kagVydlmmhyDOu/br+Zom2F7p7O00nsEBjrOg/PhTBbxneZFK0OmErZUiI338/KmWCumBJJZTDDviJ7uR8DSO1fYHRon4dtF4TFsrBiSVYFXnYEe6fXT+YdlBqxoypjXHvlK3NRBysIjqtAnyIGvjXmNtlX9oAI2aN45t4863xeKBUyshhB2107DvSvCYt1UW2A60hS2YmNNGGwPmdqkolnIbtdEwzZToNDoRPVYGdDrRdtrobKSCp26ok+U93x8YrF52txbYAsDKtvp2A8v7mm+C4kXIGuYjUHaBzB8Y/Dei46ApbHvCuLNhHGh9k0QOS/uk8h2HkdNjp0TB4lbih0Mg/mD2GuZoCyG2x0I10HkddOW35HvRvjL4NwrHNZckd4PLc7xt2jQ6wTXFOtMzZ8PLa7Oqha9a2CCCAQdCDqCKhwuJV1DKZBokGtR5z0I8f0ZV/cvXLWw6uU6DUCWGbTlrpyih8N0Y9jqGN0iSC5JdSealifSRVmBr2upDLJJFTvYxwcxLBhoTzEdo51Fe4sD+0tK/7w6reo0NWPiXDluidnGzfcRzFUzH4G5aJ078p1B7wfwqcrRfG4z/k8xeLwT+8Xtn95CY/mTWgWw9on9Vi7RPZ7QBvRoNe2cIl85VID/YYwT4E6GgOIdFrg9603pI+FTq/BTrVh3+H4se65YfuvPyNYuGxgMkXfU1Vm6OhToMp7pU/CpLfDbw92/eHhduD/lQ4nbLphcfil0M/zCpcRevXDLHynT0qoLg8Qd8Tf87rn76ntcPuc794/wD7H/Gg0+rOpFhHDC+kZu6luO6LhOv7WzaO49oVIHfk2nx07q1tcLHNmPixPzNS/wCD2+wVyikd/wAie1w7AI+e9euYp9yFBCk/n96O6n2DxwA/6ewlgfaAGePGIWt8NwOfctsfAH504wnRu6d4Qd+p9B+NPTfQrcV2JsBgg95EuItxXaHVxmBB94meY3nfSmHEOg/s5fCO2gJ9gxJR/wB0NMjwPrVp4dwq3Z1US3Njv4DsFFtcA3NUjGlTIzyXK0cZbD4q1iLYTC3bSFx7VVs4h1dJ607odOep7KY8Z6AWi/tbftcLc+3ZJWfEcvKK6LjON2bfvOo8SB86SY/pnYAP6xI7Zn5T20dI5OT8FWwPBsQOpfxK4myRql2ypO2nWB+YNAcQ6EWGk2i1luwdZP6T4ciKN4h07wYkh1Y9if2k/CqzxD6SZ0tWf6hPb+8selK5RHUZEF/ohi1MKEccmlf+UGsoC99JGJB0tJ5n+1ZQpB2R4pVJJ3oHEXMq939qluEhZn+3Ko2LA6gbSOw1NKi7dkWCaba93V81OX7qYW7p/P58aUYW5DOByafJgPvmmdhxsfSiwReg06j79N6y5eJXeAdNu2fShbL6Hy9K2Z50nQ0BwzheZ5JPWBhpPZMkDaNQfOrDZsZgSCGUGCCAfKDtVSwl82rogSrdXz5fh5irNYvKCrLoD7/jyM6x2edSnHyWxz1TAeJcLaDDSBJAMz4Anl8qEwV9zDLBybzvzEa8vlVrDht4kaRp4gjtpDxnDezYXlGhJDqPrcvJoPwoqV6Oca2H28fmGUjKeeXUGRy125R26dkbW3ViAyA29iD3z+fKgcJigwgQW3XWMynlPLkR+NTJLajUHaY+XIzHn3QKFBbLZ0c4w2Fueyua2291u0cv5gPUDuro1m4CAQZB1B7RXKOH2EuWzbYnuadQeR7ojyjuqzdGeMG0fYXTsNGOxH2l+9eRPYatjyVpmPPivaLsDXs1ErVvNaDCbGob9lXEMAR31JNeVxxV+J9EUuGUbKe8THoRTbA4VraBWuNcI+s28dnf560wIrRhQUUh3OTVMHa2DuJ8a0/QrZ3tof5R+Fb3MXbG7jy1+VJ+IdL8JZ/aXFX+JlT4Ez8KDkl2FRk+hsOGWf8AST+kUPiOj1lvdBQ923oap2P+lrBoDlbMY2VHfXxOUfGlfFfphKsyWbPtI+vnAQ96wrEj0pXOI6xzOgYPo0itLtmHIDQedOQltOSL6CuBcR+lLHXBC+zt+AZj/wBxj4VX7nSjGXAVfEPoT7pyTMfYgRSe5XSH9lv9zPpfE8VsoJe4AO0mB6nSq3xL6ScBa09sGPYkv8UBHqa+f2csczGT2kkk+Z1rSQWka6fn5UrzSHXp4o69xL6YbevsrLnsLZVHzb5VSuN/STi73uxbHcWJ9ZA+FVS9ppQt3u3+VLyb7H4KPSGWM43iHktebUfVhdPFQNKV3Tmgk5j3kk+pqa5HnWjLpy0rkxmjLSgCZihrb66fma9cxz5eFRDGhTpqadRYkml2SEE84rKH/TW5fdXtNxkT5xLKboAPV8aFxF+fSKjxKHPrIX50OGBNcPZiHLdEfWUjzB/CnGHaNqQ37sFW+y3wOhptYuiNNCaEkdB7G1wiJPZ6A/8AyoSZ5aGoLLZt/D8j41LmI0B/Edn4UiKt2e3rUgzp58xt8fnRvDeI9SSpGuV45Ec45g7mhbpA6zb9+3pQeGxOS5KxDbztI/ESPSj2gXTLPhMdnhGLCJgiB4eK0q4tjLltgjkmNRJ+IJNbwetbEg+8h0hdtB3akelGWMt5YuoCVET2Ck1HZXcteRZacORoVBPZIluwjkTrHInvplhMQVJUyGAJblsPe8e2p8LZRTl3Gu2o1oa6xW6GZlGWJJYdZdd/3o0NBSTeguLS2P8AA3spnMIbUkawdNo8vh3U+az7VR1ttVbTQxoR6/Hvql2+kmFtLD30MEiFBaRrGgEGJI7x4CtT9JWHQRbtXbh5ElUX7zv3dvbQcJN6QryQWmzq3R3jBWLNzceizoCNZyH4U3v8ctKxUZ2I+yjEf1EBT618/wCP+km+8lbaWuqwRkJLqx2OZtCO6Ow8qrGI47irhm5iLzT23Gj0mKvFzSMk4wcrPprF9LLNv3xkHbce0o/3GkON+lPCJIV1aAfdzODAmAwAWe6a4Iizqd/nW19uqPFf9wpfclfY3tQS6OqY36YSSRasuf4itsfDMfjVa4n9IWMuzHs0HgXYebkj4CqyEBrRrcc6m52VUEuibH8axV3W7iLjTuMxUa8sqwIpQU1P55UU1QMKeLFkjXap8P7o8BUJt9lEYa00DSuk9AitmM9aWm6zeI+QoxeH3CNo8als8MVTDMSTsAOfjS6oatg7NWWzJ0B5bDxpwuDReWtSlgsQnpGlIPYkbDu2w9dKhs4fMzLzWJPLX/5Tu++hPYJpVwESHY7lvkP7mnj0JJ7SJBggOZNathl5CjHYTvWrsK6zmKcRhYpc1gHanV6hWWnjOicoWKDbIrKbZRWU/uieyNMTBJnlS57Y5CsrK5DkOLWVYd3xFTYW51VMdhrKyj4Av3Bty+AQYGvPur0XyToNdj+fT417WUlD2yXKSdTOmlQ4k27Y6zx3QTB7qyspkrdAm6VmXulygKFtkkRJkAH4HnQV/pXdIhVVfUn46fCsrKp7cfozP1GT7Ft7i99t7r+RgfCgiZ3rKymUUukTlOUu3Zi1OlZWVzHxkj7eY+dS2o2rKypvouuw5DUeLbq+Y+YrKyoR7Ky6YWl4RNDX8R2mAPGaysroRTYZPQO2OXkCfHQVGcYeQA+NZWVfhFEFkkxrwG7mzBtSIIPjP4fGnQAFeVlZ8iqRphuJNNRsxGtZWUoWbK4r2QaysrgEWIt5lIB1I50msYa4i5cykAk6A89dzWVlFOhZLZgmt0BrKyusCPLsUKbgrKyuihmeTWVlZTBo/9k=', 1, '2017-03-28 13:58:57', '2017-04-05 15:16:29'),
(2, 'La salsita', 'Plats mexicaines', 45.1875, 5.72127, 10, 'data:image/jpeg;base64,/9j/4AAQSkZJRgABAQAAAQABAAD/2wCEAAkGBxMTEhUTExMWFhUXGBgaGBgYGBcaFxcYFxgYGBgYGhcaHiggGBolHRUXITEhJSkrLi4uFx8zODMtNygtLisBCgoKDg0OGxAQGy0lHyUtLSstLS8vLS0tLS0tLy0tLS0tLS0tLS0tLS0tLS0tLS0tLS0tLS0tLS0tLS0tLS0tLf/AABEIALcBFAMBIgACEQEDEQH/xAAcAAACAgMBAQAAAAAAAAAAAAAEBQMGAAIHAQj/xABEEAACAQIEAgcEBggFBQADAAABAhEAAwQSITEFQQYiUWFxgZETMqGxB0JSwdHwFCMzYnKCkuEVQ1OywiSi0uLxFoOj/8QAGQEAAwEBAQAAAAAAAAAAAAAAAQIDBAAF/8QAKREAAgICAgEEAQUAAwAAAAAAAAECEQMhEjFBBBMiUWEUMnGx8IGRof/aAAwDAQACEQMRAD8A5ovRjFAx7L0cfjT/AKDYZ7OLa3cBVjbOh8QRr5UXi+jNxWLW8UyidB15A5Cc2tQWuj2KD51xAzxo2Zw0dkxXnSyclTaPUWPi9I6AlbZR2VSreC4iP84H+f8AFakVuJg7g/zW/vFR4/lFN/Q1x2HU420MohrN0RA3GopNj8Gv+He1VQHAAJAgnZ1ntHVPrTPh/D8W96xdvwMhug5WX3GQQerzzTU/EMCDg7iAe67Af0MB8xTJ0gdnPExwZBpLOII1hZ2156VuuKR5htQCoU+91EeT4UNwi3KgjUxtsANRv5HQVDhrcYod+Yf1Wz+NX4raE5PQXirf7Udz/CfwpU6w6fxW/mR91WZ7ILXJ2IfbfUE6Ujx6rIKggAWzqZP7R9SYHypcMrbQc8NJgeOwfUD6yCAfACiMbpbX977iKmur145SwI5aM/8Aao+KN1VA5T8/7VRSbaRNxSTYoyzm17KtHR7Bhc/iVMnmO7Yb1WsNuZ7Vn+oVa8Hmz3FBBGe4T5BII/qp898aEwJcr/3kG4+ug7z9x/8AKkHEUhE8W/41Z+N2SwWNdzz+qJPnpVZ4i8qqndS3xC9tLg8DepWmGYBJw949jJ8RSQirLwtJw17+T76rjirY38mRzxqKCUGlT4JSdB9o1lm3K0dwK0DOn1j5bUmSVRZSEbaI8ZZgaCJ3nupGatOPSVnkDVXYfdXenlaJ+pjTRuBpWMK3VdK9ca1axOOiJhrWripSJNautEVx7IzReBXUeP3UK1G8NU66ct6Wb+J2NfMluJWjr1de6p3t1qy6H899RTNTRBYXaiXXqnwNR4ZdaKvp1D4V0ns6K0KstQ3d6Ky0Nf8AeNXT2QyqokdZWVlMZzqt3j1g/wCaOzfY9lZw7jALwlxW7RNc5tXQPeAOkx9qRoNNQO2DU+H4w1tkyu5RNlYyBO4AmB4gCsL9JrTPRXq/tHax3VEt1M+TMuY/VkZvTeq/0W4w2KTMRGWATOk6/cKExeBvnF2ngkKxM5tOeXSddY9KyOFNpmlStJou1q5l3Na8OU3EvqfdLbyZJ30EaxGtCzqCd6k4U6Kzs7BVQOxLGAshgT6UYHSOS4Im24UsACSIgyFB1bvEhte6pkT9faM7lD66UNxW4hu3HVh1mJXX6pdxA8QJ/mom9ePtbB5TbjYbXDWyS8kINf8Ao+spLeKj4rVY4kP1RP7i/B5/5VacO/XX+X4AD7qr3FchtdVcvVuCC0k5fZnu7TUPTupmj1CuH/ZJibf6zzb4uf8AyobjFsBQY1lge36pHzNMr/7TadfmbZ++hOkFsBdO355aeD+SJzXxZX7bRm0G33irPwJT7S6CeRGveE/Gq1YSS2o907+VWno7cVncjUGD6BZn0q2bohg/d/vyE8YuZUQgxDEA9sj+9VvjdsZFaZLM0nyWrHxi0rWGaYKssDtzHX0qu8UWLCfxn/aPwpMPaK59pjPhWFcYS8+XqkAA8iVksPQj1qqPXSOFWZ4RPMtc+78K5zcHyq2LtkfUr4r+BjZHVHhTLozb97xb5UHhfcHh9wpt0TsZhdHefjFSydMpjXyRHcTfkNdKqtwfIVd8ZhjbDZxECdfnVLvDby+Qo+n8iepjpG6DStrqAEVtHVre8OsPzzq17FrRCU64HdWl9dR5UQf2nlUV/cVyYrWn/IPdFH4HQDxoG4KYYS2coiuyftFxr5MIuJWsCpRoPzM1hTSs9mhI0W2A5H55VLiv2Z8vnWiatPaAfM71tjT1D4j513lHLpiyKEve8aLFB3Nz41qiZc3RpWV7XlOZw+/YAdQsmUB13mDp60Hm0jzpw1oytwkDINtNmdt/ANUWEACXlbKMy9WSJkGQBHb39lS5UaHC/wAdj/oLjilsp23J8JUa/Crdg8UxOUkkz4CNYIjwNU7h+LQMxZrS5kSIZYRgCCIPl3UPxHid6JS/a0OmVlDR1gDM6aHask8byS+jVCagu+jpNpwdj3Uq6SpcuW2S0pYllzRyClidPLy1rm9vHXyCMzkbzLHUGZme3nW+Fa+WGW1nadjZNySdYIYGd9opoencXdnSzproiNki6uYEKPZ7gxGhmezej2HVsGfrEA9y3I+VD4PBYi6me2gIzRIChdAZGXb63ZTn9EQW7ftHFu4oEiUgFSfqx4bVTLJRSsXDFybr+QzB3PdPf8mNKMf+zbua6PUD/wAayxxAKzISc/tTlMmAC2xHjJ86O4lwjMixduajMASCoLDXSB4VBVjlb8ml3kjUfBExJZCB9knu/V2iZ/pNR9IgApEgmR4ioONXbntP1ZYAr1gpInlrG9AIDMuC07zqT4z+dKpCPUiU5dxAicozDnoeyiODcVuWW6kENocwJGunI99S8SQHMEQqucEKfAzzIoC1ZbkOz51oVSWzHJSjLRZcXjcy3Uj3W+AiaX8TSLCGd3nw6przEXiXuNkYBj3abb615xRgbSqJ0b7jUoqpI0SlcWP+jWJdsNetluotuQDsCZk+dVBcO7nqIzGPqqT8qc8NvFcPe77YHxFBcOxeKQl7JZSBusbeBpodsGVppL8E+FAyCTrzHMadlWLoMB+sBOpYgd+x+4VVWxBZizamFHZsNdu+aa8GuMMhQfrPbrkU7HqMNT4xzpJx0Uxy+SLnx6xNppE8tvGPjXL8Sp5jsn0roYfFQ36QIQg6dSM31fd13qlcVADtG0aeEaUuF0ymdWrAxcXKBIry5eBIPZUNld6IdR2fmK0NJMyptohN0Zp7q8uONDReLwD27dt2UBbgldZ07xy7aBuxJ0oxafQsuUezV2FNcBc0UeGtKDR+CEqxGmVZ/t40Mi0Ljb5DV4YSOR+4VuUEEVHhTNsEc6ISscuzWgQATp2D76ix56nmKMw1tWcy2WSIMSNagxyKcoLwub3spPbrAMxVEtoXwKhvQT7mm2NwgQxnzGFOgI94AjU9xpfhsOHMZgpO0zr6CtUWZcqekQZaymdzhDroSNp+sd/AVlHkhfaZLbtlfaJcUq2TZhDciN/I0qFlvsn0rpzdHrDkm5aTMQNXvRoNOdwUbb6HYWJ9naPhcQ/86gsiRonhcqto5IbLdlEWOG3GBhfAdvhV8xONxGHvPasXbqW1gC0rn2YGUH3QcpmddNyanVsQ1psS+ES5aUnNd/RrQAjc51UMY5kHSDQfqH0kd+lS22VfBcNxAt5RbXYjW4iyD4mp+GYK5avW7l5VKq6swF8FioiR1G3gHnVit3bLQTh7Wv2Wvr8BdimXBuGYXEe09raZUtBf2bXixL5oHvHTqneo++nZoXp2qoo2A4v+jk2hblfaPENsAZjbXlUmMxFp4ZrUkqzgk65QM2XTnv60+xeEwS3CFw8jcF7r5vOD3UPdOHG2FtaDSXvkeH7QUHmg3ewxw5IqnRU8bYIuB+Tu0D+HKf8AlT/D4myVCKzFxOZYJgyZiBtW+LxAI0tWV7wik/1NLfGlWKuO5KBxsSZJgDw2mn5c6QvDhbPeLYgW3B3BWNCJB31HLnvQDY5Z/tVmwnQTGXFGazCxIJZde+FJYaTuBW936MMUwDAqJ2/akaeFurwSSpmbLybtFPxWJBUgGgg57T61aON9AMZhkzsocSJyZiRO0qyg+lL+DcPshz+mi/btxoVQjrSPeJU6eAqqaM7Um9ik3G5k+prz2jdp9TXYuC/R9w/FgNh7iXgd/wBewZf4lyyp8QK24/8ARnw7CW8+JviyDJEYjrEAfVQ2SznwFdaOcX9nHi1wLMtlPPWD+NR5j2mut/SGts4MKpARFAQDkEiANBp5c65KDpUsOVZE3XkrnwvE0m/Bspc7ZvjU2HW8SAmeZ0iZzd3fW+C93cDxMUfwzGi3etsSCFeTBHYRNO3+BYQTq2POGWrwsj25uBizAByfdVQc0HWZJFV7iLS09w+X96s/GeIh7gKmVhYA7xJ89aqWOaT4CPSahBfKzZkdRohtHeprnOoLZqUkHfQVZmdPQ544AMPhTJPUGhPaJ+G3lVfBp/iGtultHcQirl3EiBBMiJjvoa5wxd1EjuOb/aSKlifGNP8AP9l8q5StfS/oCw9ktmIWYia2UZMwKwGQwSD8J3p7wfCLaZNyboIIOw0keO1PLt1lXIphea7j0NJPOk68DwwtxvyVDgjknINSdQKdtwXEbeycSDrpHrsKKwGAt23zoCpI3Vmj+kGI7tqc4fH3knK/ZAKiBHZtSPJjbvYVhyJVoq1rh11TcJtXDlkAouYZwBpIkaDfntUHE+F3QqEr1SWJIgwF0YsBqAO+rdc6QXkMK4E8sogzpMUtxHFb0lhdKkzJHVB0iDliRHKiskTvZkVPHgFi6kFdhqJ6igSRusxOtAcLslrqAAnrL8CCa6jiuC8NdVuN+kFiBIVBrInUqmpExVdOCwSlki4vulDcYZhqS0BSFOYQOsNI5zWlOtGaUeTsI4SGZXZgdbjxuBGaNO7SsrMdhyjZbTXUSAVFw5Gg67DQ+I0rKVxRdSpC9umDxAtJ4l7p8veFejpfe+xa/wD6n53Kq5Neh6PBCKbLIOINfLXGChhAhZAIA0Jkkn15UfxzG3bmES37S5kVBKZuoNWXRRv7s686qVnFlCY5706weLNy0eroAwmeYIYf7z6VnnCUXyRWMoyXFjPg10NaSfsinvAPbMbqWg5AAd8pjRZG5I+1t3VS+DcTCKFYHSdo2q2dGserjEBd/Zq2oHJoMT/FWbNBxttaNOGV19gnF7il9vh4d/dQ/wDhhYBmORDsxGrfwLu3y7SKKu3R7VdJ008RzqDFXSWJYkk8yZJ8zU9pWi0lbdk9q1aUQttT+9cAdj5EZR5Ce81OmJy+6FX+FEX5AUuU16fGpvk3thXFLocYTj2ItMDbv3FjlmOX+k9U+EVYL30g4trJHUQkgB0WGiDJ1JAJKkaDTlVDe5FGLbuXMOpS27DMYKqxDQzTlgawW5d9aMPNJpNmfKoNptIJ/wASYtmZixPMkknxJ3qe3ju+lI4ViAAWtOgZ1RfaKbcs20F4Edp2E1Z2+jviCmItN3i5oO7rAH4V3sSfgb9RGOmxJjLdpAb9pfZ3xEMhKE5mAM5SM2h50l6X8JN7EPd9sxZsoOeSRkUJ706+72VbuJ9CMetpptA6r7ty2T7w7TQ2J6G8RuOzLhmZSWIIe1BEnbrVfGssI6shk9ib3X9bAum2RsIuUQqoAsaaCIkczXMK7JxfoTxC5hxbXDNOWNWQCYHMtXMeP8Fv4NzZvKQdwcrhTyOVmUZwDpKyOwmrekUlBp/Zm9e4ymnF+AC3a0mrN0Yw3DSAMW9xbhMahvZRyINuW23mKrimtdZFaDOkkjtvCvo3wd8K9hbFy22zpfvmDz0DHbvihukfQvhGFWMTdWy52CXrrOR2hCjNEzrliqb9HeNvJdPs3Zc13DocpILAs8jQ66A+tVnjzs+JvuTJN24SSdZzHnQT3Q0k0rQdjbOAXFZbV68+GgS5QZw2uynLmUaawDvp2vuH9HMJiNMPft3HJEIxvW3M92VvwqjJIovhTH29ojQi4hBG4hhqK5oEWdKxn0fvbTNeWzbQLqTeuQAogEsbJAGnOqhxPheEUH2eJts8+6jOfPO1tF9JqbpzxK9et4f2rs5zXCMxnTMFH+341U576SMbVorKbi6ZZ7coLBM6MN94JKg/Gnd9wu/lpVRw0nDN+6xiOWgaaktcZuezloaCB2Vlnhcuvs0QzqPf0WnDXJjTf0/PhRavII7PT1qvYDiYce6RGh+dTPxy1OQsQQYiG38hUHilfRoWeFdifjeOdrqg6BTA5SJ3MHWmL3wEM8gT8KS8Zb9dPIHlPdWYjHobZUGSRHP8K1yxuSiZI5FBytjThmLwgHWGJunkSyqB8TUmJGGZ8/sLzGZ619SvhHszp3VXsNduAQradhAI+NTnF3OaofCR8jV3yvRGNVtM6Jw76QrlpSoSJM6tmJ0A3K9gHpXtc7OP/cYeBnz1FeUPmG4A+JuBSMsQVBE768qG9ue70FHDhF97aMtm4dWXRWPNSPAEvE0Rb6KYw/5JHiyD5tVFxRnbm3qwEK/OB5D8KbcHaEdSZ1HxH9qa4joXcmf0i36P+FNeF9A2AIOIBzQeqk7TzLD7R5VDI1KNGvHCUZWUM2rhnLMSRGb7qtHQGw63ruf61hwATP1kafgaeJ0BtIZOIuEE8gi77QTP5FPeA9FcPabMrXixVllisa6H3Vjb5UmWXODivI2KHCakyn8Qf2ZDxMcvH/7QWL44IEIu4GpOx3iCK6xgeiWCvq1p7TG6NVzXXVbg33Xs7gPgaksdHRhkdUw9vDkkfWu3rV4dhYy1thy7ZpMXp1x+Wx83qXyqLo4lxXidwEezIUEdgOvnPdV16G9DsZjcNbf3Fdnm4/V6koBkAEtorEaRJ3q2WMDhLP6y/gLJU9brW0uBgf8ATbfvgg+VW/hnGrb2wLWHuWUQKFlQiZY0CAaQI7OyrrFCqozvNku0yrcS4fgsAy4fDWbBxMAm7iAbptg/WLNJLmCQilRpykAp+I9MWsMbXtw9zQe0VUVZKgZgMnVgzInlEgU3xot23uYi8+ZncsBlc+z1ge7uwAAmNlA5Ugu8Vwr3C5/R3YnUvaJYzvJZJqlnRx62Mui3TJMb/wBDj0tv7QAJdUQtw8ldf8u52EaE6CDALnHceucNT2d2byaJh3LQxJBypdYzIABlxLADUNua61/Bv9TDqeRtq6EEGQQVG86/Oa1u8QsMy3XupcyTlDM+VSYzSMsn6vpQ5A9km4jjcQLIxuIxDOS8LaQZbIiZCCZ7ASZJDa8xSjhn0g4kXM1knq72yGa2RJ0I35jVdR2RXvEOmgACC9ZRRsqq8egSK84T05g5SxcA6Ramf6oo2yqxxqjrvDOlFnEWlbrKzDrW/rAjcZto7DzBG1cj6ZdDbOJxzn2/6MHyhUZHcMY1yMWAkmTlGxmno4ncvAtaHs9VBYIoJkMQAusHQ7a0z6O8BxL3B7T2htGc3tCwkdoB94+RrlJ2TlhjFHPL30YGWW1iPalIzLl9ncE7HK590wYM6weyk2K6IrbMXDdVtdCAD6Ea+INdk4n0KxS4oYjD4iEChRbCico1KyxK5SddtOUb0Jxy/eyG02HS5dMZUYfqwCQudidd+Qjx501CxcWU76NOBBcUhUM4W7aZjuFy54mAMu59Kq13hdl3ZjuxJILNuTPKK6naQYG2yOEJaX0IA0gRI90aHq+tUjiRS/cYoEBZiwIgDWWyxPpz11nlPaHSQlPBbMRkHiGefi1D2+AZXVkLaGYIkmOQjn5UyIyrI96YABMmdNt5kxVu6N9H8TbKYu5CIG9xoLdYGJkaenMeNdsMlEpvTzAOow6BSQiXeUHrYnEEdXeMuXWqWw7q6f00xbG6GGVsoIMwS4mfeAkRrA13pUMMGAaAJ1hgDHqNPWuUqFcORWuHKfYXhBjQjzB/Ch/0NhZBMakNvygVZsTgzkYAEhhy1+dJ2sXFXJGYAREwfQ6fGlV22M0kkvwCcPxfs9CJBND4nW9IIIZgfjtWl4su6sPLT1qLDa3E1+svzFUS8kJNdIc44RiD/D+FL8coLbcq345cIvNGnL5UuN5juaXHB0n+Bs2Rc2icXMo2B8f7VsMWvNSPA/cfxodzpUZqvFEnlkumHe2T7Xqp+4mvKBrK7iH9RI7NxDHMwMeI7JEESfEVE9zbQnu23pa+IQnLM9wHZUnDr59mI1MAeY0PyrNWjcnsZYd7QOo63YW50Zw7iiSUJgKdNtj39mhpXh7GeSd/X/5WwcKwJX90yOXefEA0rookx/ibwuIQraRJHKVPhPLWo8DiSDEgdgA/O9bYBgs6ECdo015686i4sgy51XbQggbad/nWflJukaHGKVscLiG0Ye8OX3a68vL1q3cN4kMTaZZAuQeWxGkle0HfltXMuHPnPvAjv1I85PdpJ2pvg8S1u5KnriD/ABCNhOxjbt1B3kXxylB7MmbFGa0Zj+hmOe7nu3VvidF90eBkj4RVq4XgLzAi8iWoACm2QNtIKCVIgDXQ6RQFzpLdIBXIAR9liew/WHPlGnlQ2I6Q39lcDwC/eDWjnEz+1ka8Dq/wxQQtxVuKQZ5EEGZGu2u0n8VGL6H4djpaOu3X/wDVqBHFbratcuEcxmKkeSkD4VpedmEqXcH99hHiJ1/M9oHuRHjin9k56FYe2ykpDAgxmB5jcBNvOoLnRvBhCrIxXNmnMmkwumg7tCOVKsUiXAUkGN1JJI78rbj49k0FZ/VELkRg3YAQw/PP513P8FFiflk2I4BwwNGdlM7e0tj4hTFOOFdHsCDKorEfauXD/wAQvMetLxgrLT+rg9iyrDt909YeFMcH0eJAa1cUr9k3LmnjIJU13Nvod40ltj3h3STDWZVUUCYAtm2JYb7lQTqOc03/APycZcws3I/ehdvGq4nAzml1BBAB67REyAY3XuIpjw7o7bSB7V8vJFyhI8IPwijyn4M84Yk7YTielsLIQJ33JyidpbQDXtiaqnSRbb3heuXz7Q5TlW2CogQAGLbd2sHvq6LwbDAgZM0nXMzEeJWYJ8qnTh9pGlbaKftBRPZvvtXJT8slzxx6TOV8c6M4zGEt7NssdUdRPMKzIV9OdUDjHBbmGuezcujCDDA/A7Ed4Jr6D4rxAJoNTSzh1wXHIuqrSNMygxGvMeNFvdBttcmjmOCuWrRtYhgzKAAQuYHOFAMHMI1JOndTD/8APXe0LNxMolYdRGYAwdNhsOfbpXT7vC8Owg2LJHYbafhS7FdFcIwg4ZQP3cyf7CK6mBTRyjijrcac0RsT1gxOu8mDBiKD4ero5g6EfEHkDsdeXdXTsV9HeDubG6h5QwYf94J+NLeKfRxfW3OFvI7LJVWGQkxoJkj4gUriN7iK9AI1CzzGgPnsfjQl6yhjqz3ER6mRFD4hMZh3CYyy1ssYDEdU9wcEq3gDTHHYK/aVXdeo/uOIZG8Gnfu0I7KWmiiyJi//AAsN7rdY92vpzpbiOBQwOUEggggZTO/ugwRIpln60kR4HbyP3VOLrkddp78pkdkya62GosquP4UzOW0k8m09O30pXjMHcGpQx2jUfDargzMBCsCD6fHbzFCNm5j4fhp6U0XRKeOyqBlNQ3VAOlWq7YtP7wVj4EH+oa0uvcHQk5WK9x1HrTqSIzg6EdZTG5wa4DHVPn+NZT8kS4v6LbccATFZw26YaQZzbfxdafiay4RmgdmlS4YkPodSskc+qf8A2HpWc9BdjKySBvHZ6c6ke+Non1itMwMTv269nZXllx49/rSlRvw5mdImCDGsnsy6RzHxo3EYPNbI307CJ/DWq9heJezPIAwG3MQerH5+tVtsY1WTx2Gsd/hUpqisJWIb5yhXQMF7dsp1kGSOw/kUdw7Eh4YwTOgHP12P4UJjbLMWRdAQWykiBljsEDlz5HtqPBXrhfLIAGhUdWSAN+6fCu00DaYXiuJw5Ps2ytAYmTrEBgI37RrI7xruuYnUgiJBBGWDtEUQ6i4qq2ZY5Ekaxr56EeU7VEg9k2b/ACiZM/VPb3KTM9hJPbXcq0FLyja27LqRPbGs91EWuIgaBSF7xtVt4bwbC3FDqpPIjMeqeYMQaYHgdj/SX0q6xt7Mr9RFOqZR76I4DrlzeGvhHbPIiK9sYcb6BucaKdQOsu6mTvy5zpV+w/CrKe7aQfyihOL2/ZdcDqtofshoC9b9xl6p7IU8jTLF9sH6pN0kVW3wp3EraffmNQRoddpB03++icDwTEhwbghebBlBA7wDr5UzwHE2S4eq2QzmU6tK7mBqLiiMw+sAGGsg2e2FcCCCCJGxBH3imWNCz9TNeCrGxdDCCGHMD8DXtm3dRyMpjfu131phxPh72yWtjMu+X7PhGwoIcfQCLyMAOYEgegn4UKSF5SkrSsh450jtYQK97OFYxIRmVTyDEaCeU71Pg+lmGvr+puZm+zlYGfMa+VEOMLeUrmRgwgqSNQeRVuXcaQWuhqWLvtcJdeyR9URcT+lzPkCBTWSai+yYYG65Jy6k/Wkb+VTYfgb5gzXcsGYWPm34VvbtYs3c166l1IPVIZByynKARpruTv3Cmq6jRFPnp8vupVFDSmzdIHZ61JcurPIedQraP+mn9X/pXl3h6tvbs/zJm+ZFPZGkbmDtXqLHbSnFYDC29WSwv8Nq18ippRex+BSdUP8ACBP/AGAAUrkkOoF0vJbuIyXUVkI6ysJUjvBpJxvhWbCNZwdm3kJOZGzQY3KKZAaQOw/fROO8aCFRa9qkmdb1yYH7s9UHuM1YPo+vYl87IQLZaWL53lueWWknt1rudh4cVdlYxnRpWXPa9paH2WDOk8x1ZuW4/fXSkWMwN+0M5UsnK4hDp/Uunxmr5094gtvHKtq8iXTbUurgi25kgddSGVssTB5rIpc/E2BzXA+HuH/N0Np+ybyKVYR/qJpPvUHFDqTooV26Tz+40NeeNng981f+JX7OX/rcMAh2xVhQV/iYLJHkXHbFK7vRP2im5hL9u+ncVnwPL1M91Di0MplQuGRqFPfWpUciQfP8ipOIYK5YfLcQof4YnwmJ8RUA71OvKPvH30A2bhD4+DCsrV3WdiO6FPxIrKAoxfRyDG331olwC4GnY5TyENMfGK9vJ1839pqHG28yM3MCR3kagVydlmmhyDOu/br+Zom2F7p7O00nsEBjrOg/PhTBbxneZFK0OmErZUiI338/KmWCumBJJZTDDviJ7uR8DSO1fYHRon4dtF4TFsrBiSVYFXnYEe6fXT+YdlBqxoypjXHvlK3NRBysIjqtAnyIGvjXmNtlX9oAI2aN45t4863xeKBUyshhB2107DvSvCYt1UW2A60hS2YmNNGGwPmdqkolnIbtdEwzZToNDoRPVYGdDrRdtrobKSCp26ok+U93x8YrF52txbYAsDKtvp2A8v7mm+C4kXIGuYjUHaBzB8Y/Dei46ApbHvCuLNhHGh9k0QOS/uk8h2HkdNjp0TB4lbih0Mg/mD2GuZoCyG2x0I10HkddOW35HvRvjL4NwrHNZckd4PLc7xt2jQ6wTXFOtMzZ8PLa7Oqha9a2CCCAQdCDqCKhwuJV1DKZBokGtR5z0I8f0ZV/cvXLWw6uU6DUCWGbTlrpyih8N0Y9jqGN0iSC5JdSealifSRVmBr2upDLJJFTvYxwcxLBhoTzEdo51Fe4sD+0tK/7w6reo0NWPiXDluidnGzfcRzFUzH4G5aJ078p1B7wfwqcrRfG4z/k8xeLwT+8Xtn95CY/mTWgWw9on9Vi7RPZ7QBvRoNe2cIl85VID/YYwT4E6GgOIdFrg9603pI+FTq/BTrVh3+H4se65YfuvPyNYuGxgMkXfU1Vm6OhToMp7pU/CpLfDbw92/eHhduD/lQ4nbLphcfil0M/zCpcRevXDLHynT0qoLg8Qd8Tf87rn76ntcPuc794/wD7H/Gg0+rOpFhHDC+kZu6luO6LhOv7WzaO49oVIHfk2nx07q1tcLHNmPixPzNS/wCD2+wVyikd/wAie1w7AI+e9euYp9yFBCk/n96O6n2DxwA/6ewlgfaAGePGIWt8NwOfctsfAH504wnRu6d4Qd+p9B+NPTfQrcV2JsBgg95EuItxXaHVxmBB94meY3nfSmHEOg/s5fCO2gJ9gxJR/wB0NMjwPrVp4dwq3Z1US3Njv4DsFFtcA3NUjGlTIzyXK0cZbD4q1iLYTC3bSFx7VVs4h1dJ607odOep7KY8Z6AWi/tbftcLc+3ZJWfEcvKK6LjON2bfvOo8SB86SY/pnYAP6xI7Zn5T20dI5OT8FWwPBsQOpfxK4myRql2ypO2nWB+YNAcQ6EWGk2i1luwdZP6T4ciKN4h07wYkh1Y9if2k/CqzxD6SZ0tWf6hPb+8selK5RHUZEF/ohi1MKEccmlf+UGsoC99JGJB0tJ5n+1ZQpB2R4pVJJ3oHEXMq939qluEhZn+3Ko2LA6gbSOw1NKi7dkWCaba93V81OX7qYW7p/P58aUYW5DOByafJgPvmmdhxsfSiwReg06j79N6y5eJXeAdNu2fShbL6Hy9K2Z50nQ0BwzheZ5JPWBhpPZMkDaNQfOrDZsZgSCGUGCCAfKDtVSwl82rogSrdXz5fh5irNYvKCrLoD7/jyM6x2edSnHyWxz1TAeJcLaDDSBJAMz4Anl8qEwV9zDLBybzvzEa8vlVrDht4kaRp4gjtpDxnDezYXlGhJDqPrcvJoPwoqV6Oca2H28fmGUjKeeXUGRy125R26dkbW3ViAyA29iD3z+fKgcJigwgQW3XWMynlPLkR+NTJLajUHaY+XIzHn3QKFBbLZ0c4w2Fueyua2291u0cv5gPUDuro1m4CAQZB1B7RXKOH2EuWzbYnuadQeR7ojyjuqzdGeMG0fYXTsNGOxH2l+9eRPYatjyVpmPPivaLsDXs1ErVvNaDCbGob9lXEMAR31JNeVxxV+J9EUuGUbKe8THoRTbA4VraBWuNcI+s28dnf560wIrRhQUUh3OTVMHa2DuJ8a0/QrZ3tof5R+Fb3MXbG7jy1+VJ+IdL8JZ/aXFX+JlT4Ez8KDkl2FRk+hsOGWf8AST+kUPiOj1lvdBQ923oap2P+lrBoDlbMY2VHfXxOUfGlfFfphKsyWbPtI+vnAQ96wrEj0pXOI6xzOgYPo0itLtmHIDQedOQltOSL6CuBcR+lLHXBC+zt+AZj/wBxj4VX7nSjGXAVfEPoT7pyTMfYgRSe5XSH9lv9zPpfE8VsoJe4AO0mB6nSq3xL6ScBa09sGPYkv8UBHqa+f2csczGT2kkk+Z1rSQWka6fn5UrzSHXp4o69xL6YbevsrLnsLZVHzb5VSuN/STi73uxbHcWJ9ZA+FVS9ppQt3u3+VLyb7H4KPSGWM43iHktebUfVhdPFQNKV3Tmgk5j3kk+pqa5HnWjLpy0rkxmjLSgCZihrb66fma9cxz5eFRDGhTpqadRYkml2SEE84rKH/TW5fdXtNxkT5xLKboAPV8aFxF+fSKjxKHPrIX50OGBNcPZiHLdEfWUjzB/CnGHaNqQ37sFW+y3wOhptYuiNNCaEkdB7G1wiJPZ6A/8AyoSZ5aGoLLZt/D8j41LmI0B/Edn4UiKt2e3rUgzp58xt8fnRvDeI9SSpGuV45Ec45g7mhbpA6zb9+3pQeGxOS5KxDbztI/ESPSj2gXTLPhMdnhGLCJgiB4eK0q4tjLltgjkmNRJ+IJNbwetbEg+8h0hdtB3akelGWMt5YuoCVET2Ck1HZXcteRZacORoVBPZIluwjkTrHInvplhMQVJUyGAJblsPe8e2p8LZRTl3Gu2o1oa6xW6GZlGWJJYdZdd/3o0NBSTeguLS2P8AA3spnMIbUkawdNo8vh3U+az7VR1ttVbTQxoR6/Hvql2+kmFtLD30MEiFBaRrGgEGJI7x4CtT9JWHQRbtXbh5ElUX7zv3dvbQcJN6QryQWmzq3R3jBWLNzceizoCNZyH4U3v8ctKxUZ2I+yjEf1EBT618/wCP+km+8lbaWuqwRkJLqx2OZtCO6Ow8qrGI47irhm5iLzT23Gj0mKvFzSMk4wcrPprF9LLNv3xkHbce0o/3GkON+lPCJIV1aAfdzODAmAwAWe6a4Iizqd/nW19uqPFf9wpfclfY3tQS6OqY36YSSRasuf4itsfDMfjVa4n9IWMuzHs0HgXYebkj4CqyEBrRrcc6m52VUEuibH8axV3W7iLjTuMxUa8sqwIpQU1P55UU1QMKeLFkjXap8P7o8BUJt9lEYa00DSuk9AitmM9aWm6zeI+QoxeH3CNo8als8MVTDMSTsAOfjS6oatg7NWWzJ0B5bDxpwuDReWtSlgsQnpGlIPYkbDu2w9dKhs4fMzLzWJPLX/5Tu++hPYJpVwESHY7lvkP7mnj0JJ7SJBggOZNathl5CjHYTvWrsK6zmKcRhYpc1gHanV6hWWnjOicoWKDbIrKbZRWU/uieyNMTBJnlS57Y5CsrK5DkOLWVYd3xFTYW51VMdhrKyj4Av3Bty+AQYGvPur0XyToNdj+fT417WUlD2yXKSdTOmlQ4k27Y6zx3QTB7qyspkrdAm6VmXulygKFtkkRJkAH4HnQV/pXdIhVVfUn46fCsrKp7cfozP1GT7Ft7i99t7r+RgfCgiZ3rKymUUukTlOUu3Zi1OlZWVzHxkj7eY+dS2o2rKypvouuw5DUeLbq+Y+YrKyoR7Ky6YWl4RNDX8R2mAPGaysroRTYZPQO2OXkCfHQVGcYeQA+NZWVfhFEFkkxrwG7mzBtSIIPjP4fGnQAFeVlZ8iqRphuJNNRsxGtZWUoWbK4r2QaysrgEWIt5lIB1I50msYa4i5cykAk6A89dzWVlFOhZLZgmt0BrKyusCPLsUKbgrKyuihmeTWVlZTBo/9k=', 1, '2017-03-28 14:00:57', '2017-04-05 14:53:50'),
(3, 'La frambuaserie', 'Restaurante familiere', 45.1893, 5.75916, 0, 'data:image/jpeg;base64,/9j/4AAQSkZJRgABAQAAAQABAAD/2wCEAAkGBxMTEhUTExMWFhUXGBgaGBgYGBcaFxcYFxgYGBgYGhcaHiggGBolHRUXITEhJSkrLi4uFx8zODMtNygtLisBCgoKDg0OGxAQGy0lHyUtLSstLS8vLS0tLS0tLy0tLS0tLS0tLS0tLS0tLS0tLS0tLS0tLS0tLS0tLS0tLS0tLf/AABEIALcBFAMBIgACEQEDEQH/xAAcAAACAgMBAQAAAAAAAAAAAAAEBQMGAAIHAQj/xABEEAACAQIEAgcEBggFBQADAAABAhEAAwQSITEFQQYiUWFxgZETMqGxB0JSwdHwFCMzYnKCkuEVQ1OywiSi0uLxFoOj/8QAGQEAAwEBAQAAAAAAAAAAAAAAAQIDBAAF/8QAKREAAgICAgEEAQUAAwAAAAAAAAECEQMhEjFBBBMiUWEUMnGx8IGRof/aAAwDAQACEQMRAD8A5ovRjFAx7L0cfjT/AKDYZ7OLa3cBVjbOh8QRr5UXi jNxWLW8UyidB15A5Cc2tQWuj2KD51xAzxo2Zw0dkxXnSyclTaPUWPi9I6AlbZR2VSreC4iP84H f8AFakVuJg7g/zW/vFR4/lFN/Q1x2HU420MohrN0RA3GopNj8Gv He1VQHAAJAgnZ1ntHVPrTPh/D8W96xdvwMhug5WX3GQQerzzTU/EMCDg7iAe67Af0MB8xTJ0gdnPExwZBpLOII1hZ2156VuuKR5htQCoU 91EeT4UNwi3KgjUxtsANRv5HQVDhrcYod Yf1Wz NX4raE5PQXirf7Udz/CfwpU6w6fxW/mR91WZ7ILXJ2IfbfUE6Ujx6rIKggAWzqZP7R9SYHypcMrbQc8NJgeOwfUD6yCAfACiMbpbX977iKmur145SwI5aM/8Aao KN1VA5T8/7VRSbaRNxSTYoyzm17KtHR7Bhc/iVMnmO7Yb1WsNuZ7Vn oVa8Hmz3FBBGe4T5BII/qp898aEwJcr/3kG4 ug7z9x/8AKkHEUhE8W/41Z N2SwWNdzz qJPnpVZ4i8qqndS3xC9tLg8DepWmGYBJw949jJ8RSQirLwtJw17 T76rjirY38mRzxqKCUGlT4JSdB9o1lm3K0dwK0DOn1j5bUmSVRZSEbaI8ZZgaCJ3nupGatOPSVnkDVXYfdXenlaJ pjTRuBpWMK3VdK9ca1axOOiJhrWripSJNautEVx7IzReBXUeP3UK1G8NU66ct6Wb J2NfMluJWjr1de6p3t1qy6H899RTNTRBYXaiXXqnwNR4ZdaKvp1D4V0ns6K0KstQ3d6Ky0Nf8AeNXT2QyqokdZWVlMZzqt3j1g/wCaOzfY9lZw7jALwlxW7RNc5tXQPeAOkx9qRoNNQO2DU H4w1tkyu5RNlYyBO4AmB4gCsL9JrTPRXq/tHax3VEt1M TMuY/VkZvTeq/0W4w2KTMRGWATOk6/cKExeBvnF2ngkKxM5tOeXSddY9KyOFNpmlStJou1q5l3Na8OU3EvqfdLbyZJ30EaxGtCzqCd6k4U6Kzs7BVQOxLGAshgT6UYHSOS4Im24UsACSIgyFB1bvEhte6pkT9faM7lD66UNxW4hu3HVh1mJXX6pdxA8QJ/mom9ePtbB5TbjYbXDWyS8kINf8Ao spLeKj4rVY4kP1RP7i/B5/5VacO/XX X4AD7qr3FchtdVcvVuCC0k5fZnu7TUPTupmj1CuH/ZJibf6zzb4uf8AyobjFsBQY1lge36pHzNMr/7TadfmbZ  hOkFsBdO355aeD SJzXxZX7bRm0G33irPwJT7S6CeRGveE/Gq1YSS2o907 VWno7cVncjUGD6BZn0q2bohg/d/vyE8YuZUQgxDEA9sj 9VvjdsZFaZLM0nyWrHxi0rWGaYKssDtzHX0qu8UWLCfxn/aPwpMPaK59pjPhWFcYS8 XqkAA8iVksPQj1qqPXSOFWZ4RPMtc 78K5zcHyq2LtkfUr4r BjZHVHhTLozb97xb5UHhfcHh9wpt0TsZhdHefjFSydMpjXyRHcTfkNdKqtwfIVd8ZhjbDZxECdfnVLvDby Qo n8iepjpG6DStrqAEVtHVre8OsPzzq17FrRCU64HdWl9dR5UQf2nlUV/cVyYrWn/IPdFH4HQDxoG4KYYS2coiuyftFxr5MIuJWsCpRoPzM1hTSs9mhI0W2A5H55VLiv2Z8vnWiatPaAfM71tjT1D4j513lHLpiyKEve8aLFB3Nz41qiZc3RpWV7XlOZw /YAdQsmUB13mDp60Hm0jzpw1oytwkDINtNmdt/ANUWEACXlbKMy9WSJkGQBHb39lS5UaHC/wAdj/oLjilsp23J8JUa/Crdg8UxOUkkz4CNYIjwNU7h LQMxZrS5kSIZYRgCCIPl3UPxHid6JS/a0OmVlDR1gDM6aHask8byS jVCagu jpNpwdj3Uq6SpcuW2S0pYllzRyClidPLy1rm9vHXyCMzkbzLHUGZme3nW Fa WGW1nadjZNySdYIYGd9opoencXdnSzproiNki6uYEKPZ7gxGhmezej2HVsGfrEA9y3I VD4PBYi6me2gIzRIChdAZGXb63ZTn9EQW7ftHFu4oEiUgFSfqx4bVTLJRSsXDFybr QzB3PdPf8mNKMf zbua6PUD/wAayxxAKzISc/tTlMmAC2xHjJ86O4lwjMixduajMASCoLDXSB4VBVjlb8ml3kjUfBExJZCB9knu/V2iZ/pNR9IgApEgmR4ioONXbntP1ZYAr1gpInlrG9AIDMuC07zqT4z dKpCPUiU5dxAicozDnoeyiODcVuWW6kENocwJGunI99S8SQHMEQqucEKfAzzIoC1ZbkOz51oVSWzHJSjLRZcXjcy3Uj3W AiaX8TSLCGd3nw6przEXiXuNkYBj3abb615xRgbSqJ0b7jUoqpI0SlcWP jWJdsNetluotuQDsCZk dVBcO7nqIzGPqqT8qc8NvFcPe77YHxFBcOxeKQl7JZSBusbeBpodsGVppL8E FAyCTrzHMadlWLoMB sBOpYgd x 4VVWxBZizamFHZsNdu aa8GuMMhQfrPbrkU7HqMNT4xzpJx0Uxy SLnx6xNppE8tvGPjXL8Sp5jsn0roYfFQ36QIQg6dSM31fd13qlcVADtG0aeEaUuF0ymdWrAxcXKBIry5eBIPZUNld6IdR2fmK0NJMyptohN0Zp7q8uONDReLwD27dt2UBbgldZ07xy7aBuxJ0oxafQsuUezV2FNcBc0UeGtKDR CEqxGmVZ/t40Mi0Ljb5DV4YSOR 4VuUEEVHhTNsEc6ISscuzWgQATp2D76ix56nmKMw1tWcy2WSIMSNagxyKcoLwub3spPbrAMxVEtoXwKhvQT7mm2NwgQxnzGFOgI94AjU9xpfhsOHMZgpO0zr6CtUWZcqekQZaymdzhDroSNp sd/AVlHkhfaZLbtlfaJcUq2TZhDciN/I0qFlvsn0rpzdHrDkm5aTMQNXvRoNOdwUbb6HYWJ9naPhcQ/86gsiRonhcqto5IbLdlEWOG3GBhfAdvhV8xONxGHvPasXbqW1gC0rn2YGUH3QcpmddNyanVsQ1psS ES5aUnNd/RrQAjc51UMY5kHSDQfqH0kd lS22VfBcNxAt5RbXYjW4iyD4mp GYK5avW7l5VKq6swF8FioiR1G3gHnVit3bLQTh7Wv2Wvr8BdimXBuGYXEe09raZUtBf2bXixL5oHvHTqneo  nZoXp2qoo2A4v jk2hblfaPENsAZjbXlUmMxFp4ZrUkqzgk65QM2XTnv60 xeEwS3CFw8jcF7r5vOD3UPdOHG2FtaDSXvkeH7QUHmg3ewxw5IqnRU8bYIuB Tu0D HKf8AlT/D4myVCKzFxOZYJgyZiBtW LxAI0tWV7wik/1NLfGlWKuO5KBxsSZJgDw2mn5c6QvDhbPeLYgW3B3BWNCJB31HLnvQDY5Z/tVmwnQTGXFGazCxIJZde FJYaTuBW936MMUwDAqJ2/akaeFurwSSpmbLybtFPxWJBUgGgg57T61aON9AMZhkzsocSJyZiRO0qyg lL DcPshz mi/btxoVQjrSPeJU6eAqqaM7Um9ik3G5k prz2jdp9TXYuC/R9w/FgNh7iXgd/wBewZf4lyyp8QK24/8ARnw7CW8 JviyDJEYjrEAfVQ2SznwFdaOcX9nHi1wLMtlPPWD NR5j2mut/SGts4MKpARFAQDkEiANBp5c65KDpUsOVZE3XkrnwvE0m/Bspc7ZvjU2HW8SAmeZ0iZzd3fW C93cDxMUfwzGi3etsSCFeTBHYRNO3 BYQTq2POGWrwsj25uBizAByfdVQc0HWZJFV7iLS09w X96s/GeIh7gKmVhYA7xJ89aqWOaT4CPSahBfKzZkdRohtHeprnOoLZqUkHfQVZmdPQ544AMPhTJPUGhPaJ G3lVfBp/iGtultHcQirl3EiBBMiJjvoa5wxd1EjuOb/aSKlifGNP8AP9l8q5StfS/oCw9ktmIWYia2UZMwKwGQwSD8J3p7wfCLaZNyboIIOw0keO1PLt1lXIphea7j0NJPOk68DwwtxvyVDgjknINSdQKdtwXEbeycSDrpHrsKKwGAt23zoCpI3Vmj kGI7tqc4fH3knK/ZAKiBHZtSPJjbvYVhyJVoq1rh11TcJtXDlkAouYZwBpIkaDfntUHE F3QqEr1SWJIgwF0YsBqAO rdc6QXkMK4E8sogzpMUtxHFb0lhdKkzJHVB0iDliRHKiskTvZkVPHgFi6kFdhqJ6igSRusxOtAcLslrqAAnrL8CCa6jiuC8NdVuN kFiBIVBrInUqmpExVdOCwSlki4vulDcYZhqS0BSFOYQOsNI5zWlOtGaUeTsI4SGZXZgdbjxuBGaNO7SsrMdhyjZbTXUSAVFw5Gg67DQ I0rKVxRdSpC9umDxAtJ4l7p8veFejpfe xa/wD6n53Kq5Neh6PBCKbLIOINfLXGChhAhZAIA0Jkkn15UfxzG3bmES37S5kVBKZuoNWXRRv7s686qVnFlCY5706weLNy0eroAwmeYIYf7z6VnnCUXyRWMoyXFjPg10NaSfsinvAPbMbqWg5AAd8pjRZG5I 1t3VS DcTCKFYHSdo2q2dGserjEBd/Zq2oHJoMT/FWbNBxttaNOGV19gnF7il9vh4d/dQ/wDhhYBmORDsxGrfwLu3y7SKKu3R7VdJ008RzqDFXSWJYkk8yZJ8zU9pWi0lbdk9q1aUQttT 9cAdj5EZR5Ce81OmJy 6FX FEX5AUuU16fGpvk3thXFLocYTj2ItMDbv3FjlmOX k9U EVYL30g4trJHUQkgB0WGiDJ1JAJKkaDTlVDe5FGLbuXMOpS27DMYKqxDQzTlgawW5d9aMPNJpNmfKoNptIJ/wASYtmZixPMkknxJ3qe3ju lI4ViAAWtOgZ1RfaKbcs20F4Edp2E1Z2 jviCmItN3i5oO7rAH4V3sSfgb9RGOmxJjLdpAb9pfZ3xEMhKE5mAM5SM2h50l6X8JN7EPd9sxZsoOeSRkUJ706 72VbuJ9CMetpptA6r7ty2T7w7TQ2J6G8RuOzLhmZSWIIe1BEnbrVfGssI6shk9ib3X9bAum2RsIuUQqoAsaaCIkczXMK7JxfoTxC5hxbXDNOWNWQCYHMtXMeP8Fv4NzZvKQdwcrhTyOVmUZwDpKyOwmrekUlBp/Zm9e4ymnF AC3a0mrN0Yw3DSAMW9xbhMahvZRyINuW23mKrimtdZFaDOkkjtvCvo3wd8K9hbFy22zpfvmDz0DHbvihukfQvhGFWMTdWy52CXrrOR2hCjNEzrliqb9HeNvJdPs3Zc13DocpILAs8jQ66A tVnjzs JvuTJN24SSdZzHnQT3Q0k0rQdjbOAXFZbV68 GgS5QZw2uynLmUaawDvp2vuH9HMJiNMPft3HJEIxvW3M92VvwqjJIovhTH29ojQi4hBG4hhqK5oEWdKxn0fvbTNeWzbQLqTeuQAogEsbJAGnOqhxPheEUH2eJts8 6jOfPO1tF9JqbpzxK9et4f2rs5zXCMxnTMFH 341U576SMbVorKbi6ZZ7coLBM6MN94JKg/Gnd9wu/lpVRw0nDN 6xiOWgaaktcZuezloaCB2Vlnhcuvs0QzqPf0WnDXJjTf0/PhRavII7PT1qvYDiYce6RGh dTPxy1OQsQQYiG38hUHilfRoWeFdifjeOdrqg6BTA5SJ3MHWmL3wEM8gT8KS8Zb9dPIHlPdWYjHobZUGSRHP8K1yxuSiZI5FBytjThmLwgHWGJunkSyqB8TUmJGGZ8/sLzGZ619SvhHszp3VXsNduAQradhAI NTnF3OaofCR8jV3yvRGNVtM6Jw76QrlpSoSJM6tmJ0A3K9gHpXtc7OP/cYeBnz1FeUPmG4A JuBSMsQVBE768qG9ue70FHDhF97aMtm4dWXRWPNSPAEvE0Rb6KYw/5JHiyD5tVFxRnbm3qwEK/OB5D8KbcHaEdSZ1HxH9qa4joXcmf0i36P FNeF9A2AIOIBzQeqk7TzLD7R5VDI1KNGvHCUZWUM2rhnLMSRGb7qtHQGw63ruf61hwATP1kafgaeJ0BtIZOIuEE8gi77QTP5FPeA9FcPabMrXixVllisa6H3Vjb5UmWXODivI2KHCakyn8Qf2ZDxMcvH/7QWL44IEIu4GpOx3iCK6xgeiWCvq1p7TG6NVzXXVbg33Xs7gPgaksdHRhkdUw9vDkkfWu3rV4dhYy1thy7ZpMXp1x Wx83qXyqLo4lxXidwEezIUEdgOvnPdV16G9DsZjcNbf3Fdnm4/V6koBkAEtorEaRJ3q2WMDhLP6y/gLJU9brW0uBgf8ATbfvgg VW/hnGrb2wLWHuWUQKFlQiZY0CAaQI7OyrrFCqozvNku0yrcS4fgsAy4fDWbBxMAm7iAbptg/WLNJLmCQilRpykAp I9MWsMbXtw9zQe0VUVZKgZgMnVgzInlEgU3xot23uYi8 ZncsBlc z1ge7uwAAmNlA5Ugu8Vwr3C5/R3YnUvaJYzvJZJqlnRx62Mui3TJMb/wBDj0tv7QAJdUQtw8ldf8u52EaE6CDALnHceucNT2d2byaJh3LQxJBypdYzIABlxLADUNua61/Bv9TDqeRtq6EEGQQVG86/Oa1u8QsMy3XupcyTlDM VSYzSMsn6vpQ5A9km4jjcQLIxuIxDOS8LaQZbIiZCCZ7ASZJDa8xSjhn0g4kXM1knq72yGa2RJ0I35jVdR2RXvEOmgACC9ZRRsqq8egSK84T05g5SxcA6Ramf6oo2yqxxqjrvDOlFnEWlbrKzDrW/rAjcZto7DzBG1cj6ZdDbOJxzn2/6MHyhUZHcMY1yMWAkmTlGxmno4ncvAtaHs9VBYIoJkMQAusHQ7a0z6O8BxL3B7T2htGc3tCwkdoB94 RrlJ2TlhjFHPL30YGWW1iPalIzLl9ncE7HK590wYM6weyk2K6IrbMXDdVtdCAD6Ea INdk4n0KxS4oYjD4iEChRbCico1KyxK5SddtOUb0Jxy/eyG02HS5dMZUYfqwCQudidd Qjx501CxcWU76NOBBcUhUM4W7aZjuFy54mAMu59Kq13hdl3ZjuxJILNuTPKK6naQYG2yOEJaX0IA0gRI90aHq tUjiRS/cYoEBZiwIgDWWyxPpz11nlPaHSQlPBbMRkHiGefi1D2 AZXVkLaGYIkmOQjn5UyIyrI96YABMmdNt5kxVu6N9H8TbKYu5CIG9xoLdYGJkaenMeNdsMlEpvTzAOow6BSQiXeUHrYnEEdXeMuXWqWw7q6f00xbG6GGVsoIMwS4mfeAkRrA13pUMMGAaAJ1hgDHqNPWuUqFcORWuHKfYXhBjQjzB/Ch/0NhZBMakNvygVZsTgzkYAEhhy1 dJ2sXFXJGYAREwfQ6fGlV22M0kkvwCcPxfs9CJBND4nW9IIIZgfjtWl4su6sPLT1qLDa3E1 svzFUS8kJNdIc44RiD/D FL8coLbcq345cIvNGnL5UuN5juaXHB0n Bs2Rc2icXMo2B8f7VsMWvNSPA/cfxodzpUZqvFEnlkumHe2T7Xqp 4mvKBrK7iH9RI7NxDHMwMeI7JEESfEVE9zbQnu23pa IQnLM9wHZUnDr59mI1MAeY0PyrNWjcnsZYd7QOo63YW50Zw7iiSUJgKdNtj39mhpXh7GeSd/X/5WwcKwJX90yOXefEA0rookx/ibwuIQraRJHKVPhPLWo8DiSDEgdgA/O9bYBgs6ECdo015686i4sgy51XbQggbad/nWflJukaHGKVscLiG0Ye8OX3a68vL1q3cN4kMTaZZAuQeWxGkle0HfltXMuHPnPvAjv1I85PdpJ2pvg8S1u5KnriD/ABCNhOxjbt1B3kXxylB7MmbFGa0Zj hmOe7nu3VvidF90eBkj4RVq4XgLzAi8iWoACm2QNtIKCVIgDXQ6RQFzpLdIBXIAR9liew/WHPlGnlQ2I6Q39lcDwC/eDWjnEz 1ka8Dq/wxQQtxVuKQZ5EEGZGu2u0n8VGL6H4djpaOu3X/wDVqBHFbratcuEcxmKkeSkD4VpedmEqXcH99hHiJ1/M9oHuRHjin9k56FYe2ykpDAgxmB5jcBNvOoLnRvBhCrIxXNmnMmkwumg7tCOVKsUiXAUkGN1JJI78rbj49k0FZ/VELkRg3YAQw/PP513P8FFiflk2I4BwwNGdlM7e0tj4hTFOOFdHsCDKorEfauXD/wAQvMetLxgrLT rg9iyrDt909YeFMcH0eJAa1cUr9k3LmnjIJU13Nvod40ltj3h3STDWZVUUCYAtm2JYb7lQTqOc03/APycZcws3I/ehdvGq4nAzml1BBAB67REyAY3XuIpjw7o7bSB7V8vJFyhI8IPwijyn4M84Yk7YTielsLIQJ33JyidpbQDXtiaqnSRbb3heuXz7Q5TlW2CogQAGLbd2sHvq6LwbDAgZM0nXMzEeJWYJ8qnTh9pGlbaKftBRPZvvtXJT8slzxx6TOV8c6M4zGEt7NssdUdRPMKzIV9OdUDjHBbmGuezcujCDDA/A7Ed4Jr6D4rxAJoNTSzh1wXHIuqrSNMygxGvMeNFvdBttcmjmOCuWrRtYhgzKAAQuYHOFAMHMI1JOndTD/8APXe0LNxMolYdRGYAwdNhsOfbpXT7vC8Owg2LJHYbafhS7FdFcIwg4ZQP3cyf7CK6mBTRyjijrcac0RsT1gxOu8mDBiKD4ero5g6EfEHkDsdeXdXTsV9HeDubG6h5QwYf94J NLeKfRxfW3OFvI7LJVWGQkxoJkj4gUriN7iK9AI1CzzGgPnsfjQl6yhjqz3ER6mRFD4hMZh3CYyy1ssYDEdU9wcEq3gDTHHYK/aVXdeo/uOIZG8Gnfu0I7KWmiiyJi//AAsN7rdY92vpzpbiOBQwOUEggggZTO/ugwRIpln60kR4HbyP3VOLrkddp78pkdkya62GosquP4UzOW0k8m09O30pXjMHcGpQx2jUfDargzMBCsCD6fHbzFCNm5j4fhp6U0XRKeOyqBlNQ3VAOlWq7YtP7wVj4EH oa0uvcHQk5WK9x1HrTqSIzg6EdZTG5wa4DHVPn NZT8kS4v6LbccATFZw26YaQZzbfxdafiay4RmgdmlS4YkPodSskc qf8A2HpWc9BdjKySBvHZ6c6ke Non1itMwMTv269nZXllx49/rSlRvw5mdImCDGsnsy6RzHxo3EYPNbI307CJ/DWq9heJezPIAwG3MQerH5 tVtsY1WTx2Gsd/hUpqisJWIb5yhXQMF7dsp1kGSOw/kUdw7Eh4YwTOgHP12P4UJjbLMWRdAQWykiBljsEDlz5HtqPBXrhfLIAGhUdWSAN 6fCu00DaYXiuJw5Ps2ytAYmTrEBgI37RrI7xruuYnUgiJBBGWDtEUQ6i4qq2ZY5Ekaxr56EeU7VEg9k2b/ACiZM/VPb3KTM9hJPbXcq0FLyja27LqRPbGs91EWuIgaBSF7xtVt4bwbC3FDqpPIjMeqeYMQaYHgdj/SX0q6xt7Mr9RFOqZR76I4DrlzeGvhHbPIiK9sYcb6BucaKdQOsu6mTvy5zpV w/CrKe7aQfyihOL2/ZdcDqtofshoC9b9xl6p7IU8jTLF9sH6pN0kVW3wp3EraffmNQRoddpB03  icDwTEhwbghebBlBA7wDr5UzwHE2S4eq2QzmU6tK7mBqLiiMw sAGGsg2e2FcCCCCJGxBH3imWNCz9TNeCrGxdDCCGHMD8DXtm3dRyMpjfu131phxPh72yWtjMu X7PhGwoIcfQCLyMAOYEgegn4UKSF5SkrSsh450jtYQK97OFYxIRmVTyDEaCeU71Pg lmGvr puZm zlYGfMa VEOMLeUrmRgwgqSNQeRVuXcaQWuhqWLvtcJdeyR9URcT lzPkCBTWSai yYYG65Jy6k/Wkb VTYfgb5gzXcsGYWPm34VvbtYs3c166l1IPVIZByynKARpruTv3Cmq6jRFPnp8vupVFDSmzdIHZ61JcurPIedQraP mn9X/pXl3h6tvbs/zJm ZFPZGkbmDtXqLHbSnFYDC29WSwv8Nq18ippRex BSdUP8ACBP/AGAAUrkkOoF0vJbuIyXUVkI6ysJUjvBpJxvhWbCNZwdm3kJOZGzQY3KKZAaQOw/fROO8aCFRa9qkmdb1yYH7s9UHuM1YPo vYl87IQLZaWL53lueWWknt1rudh4cVdlYxnRpWXPa9paH2WDOk8x1ZuW4/fXSkWMwN 0M5UsnK4hDp/Uunxmr5094gtvHKtq8iXTbUurgi25kgddSGVssTB5rIpc/E2BzXA HuH/N0Np ybyKVYR/qJpPvUHFDqTooV26Tz 40NeeNng981f JX7OX/rcMAh2xVhQV/iYLJHkXHbFK7vRP2im5hL9u ncVnwPL1M91Di0MplQuGRqFPfWpUciQfP8ipOIYK5YfLcQof4YnwmJ8RUA71OvKPvH30A2bhD4 DCsrV3WdiO6FPxIrKAoxfRyDG331olwC4GnY5TyENMfGK9vJ1839pqHG28yM3MCR3kagVydlmmhyDOu/br Zom2F7p7O00nsEBjrOg/PhTBbxneZFK0OmErZUiI338/KmWCumBJJZTDDviJ7uR8DSO1fYHRon4dtF4TFsrBiSVYFXnYEe6fXT YdlBqxoypjXHvlK3NRBysIjqtAnyIGvjXmNtlX9oAI2aN45t4863xeKBUyshhB2107DvSvCYt1UW2A60hS2YmNNGGwPmdqkolnIbtdEwzZToNDoRPVYGdDrRdtrobKSCp26ok U93x8YrF52txbYAsDKtvp2A8v7mm C4kXIGuYjUHaBzB8Y/Dei46ApbHvCuLNhHGh9k0QOS/uk8h2HkdNjp0TB4lbih0Mg/mD2GuZoCyG2x0I10HkddOW35HvRvjL4NwrHNZckd4PLc7xt2jQ6wTXFOtMzZ8PLa7Oqha9a2CCCAQdCDqCKhwuJV1DKZBokGtR5z0I8f0ZV/cvXLWw6uU6DUCWGbTlrpyih8N0Y9jqGN0iSC5JdSealifSRVmBr2upDLJJFTvYxwcxLBhoTzEdo51Fe4sD 0tK/7w6reo0NWPiXDluidnGzfcRzFUzH4G5aJ078p1B7wfwqcrRfG4z/k8xeLwT 8Xtn95CY/mTWgWw9on9Vi7RPZ7QBvRoNe2cIl85VID/YYwT4E6GgOIdFrg9603pI FTq/BTrVh3 H4se65YfuvPyNYuGxgMkXfU1Vm6OhToMp7pU/CpLfDbw92/eHhduD/lQ4nbLphcfil0M/zCpcRevXDLHynT0qoLg8Qd8Tf87rn76ntcPuc794/wD7H/Gg0 rOpFhHDC kZu6luO6LhOv7WzaO49oVIHfk2nx07q1tcLHNmPixPzNS/wCD2 wVyikd/wAie1w7AI e9euYp9yFBCk/n96O6n2DxwA/6ewlgfaAGePGIWt8NwOfctsfAH504wnRu6d4Qd p9B NPTfQrcV2JsBgg95EuItxXaHVxmBB94meY3nfSmHEOg/s5fCO2gJ9gxJR/wB0NMjwPrVp4dwq3Z1US3Njv4DsFFtcA3NUjGlTIzyXK0cZbD4q1iLYTC3bSFx7VVs4h1dJ607odOep7KY8Z6AWi/tbftcLc 3ZJWfEcvKK6LjON2bfvOo8SB86SY/pnYAP6xI7Zn5T20dI5OT8FWwPBsQOpfxK4myRql2ypO2nWB YNAcQ6EWGk2i1luwdZP6T4ciKN4h07wYkh1Y9if2k/CqzxD6SZ0tWf6hPb 8selK5RHUZEF/ohi1MKEccmlf UGsoC99JGJB0tJ5n 1ZQpB2R4pVJJ3oHEXMq939qluEhZn 3Ko2LA6gbSOw1NKi7dkWCaba93V81OX7qYW7p/P58aUYW5DOByafJgPvmmdhxsfSiwReg06j79N6y5eJXeAdNu2fShbL6Hy9K2Z50nQ0BwzheZ5JPWBhpPZMkDaNQfOrDZsZgSCGUGCCAfKDtVSwl82rogSrdXz5fh5irNYvKCrLoD7/jyM6x2edSnHyWxz1TAeJcLaDDSBJAMz4Anl8qEwV9zDLBybzvzEa8vlVrDht4kaRp4gjtpDxnDezYXlGhJDqPrcvJoPwoqV6Oca2H28fmGUjKeeXUGRy125R26dkbW3ViAyA29iD3z fKgcJigwgQW3XWMynlPLkR NTJLajUHaY XIzHn3QKFBbLZ0c4w2Fueyua2291u0cv5gPUDuro1m4CAQZB1B7RXKOH2EuWzbYnuadQeR7ojyjuqzdGeMG0fYXTsNGOxH2l 9eRPYatjyVpmPPivaLsDXs1ErVvNaDCbGob9lXEMAR31JNeVxxV J9EUuGUbKe8THoRTbA4VraBWuNcI s28dnf560wIrRhQUUh3OTVMHa2DuJ8a0/QrZ3tof5R Fb3MXbG7jy1 VJ IdL8JZ/aXFX JlT4Ez8KDkl2FRk hsOGWf8AST kUPiOj1lvdBQ923oap2P lrBoDlbMY2VHfXxOUfGlfFfphKsyWbPtI vnAQ96wrEj0pXOI6xzOgYPo0itLtmHIDQedOQltOSL6CuBcR lLHXBC zt AZj/wBxj4VX7nSjGXAVfEPoT7pyTMfYgRSe5XSH9lv9zPpfE8VsoJe4AO0mB6nSq3xL6ScBa09sGPYkv8UBHqa f2csczGT2kkk Z1rSQWka6fn5UrzSHXp4o69xL6YbevsrLnsLZVHzb5VSuN/STi73uxbHcWJ9ZA FVS9ppQt3u3 VLyb7H4KPSGWM43iHktebUfVhdPFQNKV3Tmgk5j3kk pqa5HnWjLpy0rkxmjLSgCZihrb66fma9cxz5eFRDGhTpqadRYkml2SEE84rKH/TW5fdXtNxkT5xLKboAPV8aFxF fSKjxKHPrIX50OGBNcPZiHLdEfWUjzB/CnGHaNqQ37sFW y3wOhptYuiNNCaEkdB7G1wiJPZ6A/8AyoSZ5aGoLLZt/D8j41LmI0B/Edn4UiKt2e3rUgzp58xt8fnRvDeI9SSpGuV45Ec45g7mhbpA6zb9 3pQeGxOS5KxDbztI/ESPSj2gXTLPhMdnhGLCJgiB4eK0q4tjLltgjkmNRJ IJNbwetbEg 8h0hdtB3akelGWMt5YuoCVET2Ck1HZXcteRZacORoVBPZIluwjkTrHInvplhMQVJUyGAJblsPe8e2p8LZRTl3Gu2o1oa6xW6GZlGWJJYdZdd/3o0NBSTeguLS2P8AA3spnMIbUkawdNo8vh3U az7VR1ttVbTQxoR6/Hvql2 kmFtLD30MEiFBaRrGgEGJI7x4CtT9JWHQRbtXbh5ElUX7zv3dvbQcJN6QryQWmzq3R3jBWLNzceizoCNZyH4U3v8ctKxUZ2I yjEf1EBT618/wCP km 8lbaWuqwRkJLqx2OZtCO6Ow8qrGI47irhm5iLzT23Gj0mKvFzSMk4wcrPprF9LLNv3xkHbce0o/3GkON lPCJIV1aAfdzODAmAwAWe6a4Iizqd/nW19uqPFf9wpfclfY3tQS6OqY36YSSRasuf4itsfDMfjVa4n9IWMuzHs0HgXYebkj4CqyEBrRrcc6m52VUEuibH8axV3W7iLjTuMxUa8sqwIpQU1P55UU1QMKeLFkjXap8P7o8BUJt9lEYa00DSuk9AitmM9aWm6zeI QoxeH3CNo8als8MVTDMSTsAOfjS6oatg7NWWzJ0B5bDxpwuDReWtSlgsQnpGlIPYkbDu2w9dKhs4fMzLzWJPLX/5Tu  hPYJpVwESHY7lvkP7mnj0JJ7SJBggOZNathl5CjHYTvWrsK6zmKcRhYpc1gHanV6hWWnjOicoWKDbIrKbZRWU/uieyNMTBJnlS57Y5CsrK5DkOLWVYd3xFTYW51VMdhrKyj4Av3Bty AQYGvPur0XyToNdj fT417WUlD2yXKSdTOmlQ4k27Y6zx3QTB7qyspkrdAm6VmXulygKFtkkRJkAH4HnQV/pXdIhVVfUn46fCsrKp7cfozP1GT7Ft7i99t7r RgfCgiZ3rKymUUukTlOUu3Zi1OlZWVzHxkj7eY dS2o2rKypvouuw5DUeLbq Y YrKyoR7Ky6YWl4RNDX8R2mAPGaysroRTYZPQO2OXkCfHQVGcYeQA NZWVfhFEFkkxrwG7mzBtSIIPjP4fGnQAFeVlZ8iqRphuJNNRsxGtZWUoWbK4r2QaysrgEWIt5lIB1I50msYa4i5cykAk6A89dzWVlFOhZLZgmt0BrKyusCPLsUKbgrKyuihmeTWVlZTBo/9k=', 10, '2017-04-04 21:39:03', '2017-04-04 21:39:03');

-- --------------------------------------------------------

--
-- Estructura de tabla para la tabla sequelizemeta
--

CREATE TABLE IF NOT EXISTS sequelizemeta (
  `name` varchar(255) COLLATE utf8_unicode_ci NOT NULL,
  PRIMARY KEY (`name`),
  UNIQUE KEY `name` (`name`),
  UNIQUE KEY `SequelizeMeta_name_unique` (`name`)
) ENGINE=InnoDB DEFAULT CHARSET=utf8 COLLATE=utf8_unicode_ci;

--
-- Volcado de datos para la tabla sequelizemeta
--

INSERT INTO sequelizemeta (`name`) VALUES
('20170321140537-create-user.js'),
('20170322101426-create-user.js'),
('20170322101929-create-resto.js'),
('20170322102049-create-notes.js'),
('20170322130557-create-resto.js'),
('20170328205812-create-note.js');

-- --------------------------------------------------------

--
-- Estructura de tabla para la tabla users
--

CREATE TABLE IF NOT EXISTS users (
  `id` int(11) NOT NULL AUTO_INCREMENT,
  `nom` varchar(255) DEFAULT NULL,
  `prenom` varchar(255) DEFAULT NULL,
  `email` varchar(255) DEFAULT NULL,
  `password` varchar(255) DEFAULT NULL,
  `photo` text,
  `createdAt` datetime NOT NULL,
  `updatedAt` datetime NOT NULL,
  PRIMARY KEY (`id`)
) ENGINE=InnoDB  DEFAULT CHARSET=utf8 AUTO_INCREMENT=12 ;

--
-- Volcado de datos para la tabla users
--

INSERT INTO users (`id`, `nom`, `prenom`, `email`, `password`, `photo`, `createdAt`, `updatedAt`) VALUES
(1, 'Delfin', 'dulce', 'dupont@gmail.com', 'hola', 'data:image/jpeg;base64,/9j/4AAQSkZJRgABAQAAAQABAAD/2wCEAAkGBwgHBgkIBwgKCgkLDRYPDQwMDRsUFRAWIB0iIiAdHx8kKDQsJCYxJx8fLT0tMTU3Ojo6Iys/RD84QzQ5OjcBCgoKDQwNGg8PGjclHyU3Nzc3Nzc3Nzc3Nzc3Nzc3Nzc3Nzc3Nzc3Nzc3Nzc3Nzc3Nzc3Nzc3Nzc3Nzc3Nzc3N//AABEIAFwAXAMBIgACEQEDEQH/xAAaAAEBAQEBAQEAAAAAAAAAAAAABgQFAQID/8QAMRAAAgEEAAMFBAsAAAAAAAAAAAECAwQFERIhMRMiUVJxQWGRoQYUFTIzQnKBwdHh/8QAFwEBAQEBAAAAAAAAAAAAAAAAAAIDAf/EABkRAQEAAwEAAAAAAAAAAAAAAAABAhExEv/aAAwDAQACEQMRAD8AuQAaMgAAAD2EJT+5GUv0rYHgPqdOdP8AEhKO/MtHyAAAAAAAAAANmIpqrkKMZLaTcvggOpisVCFNVrqClUktqMlyj/p14xUVqKSXgj0GbV8VaUK1N06sVKL6pk1lcc7OSnT3KjJ8t/lfgVBnyFJVbKvBrrBteq6HZdOWbR4ALZgAAAAAb8HKMcjDietppepgOr9HXH65NSS32e036o5eOzqjABDQMuTn2ePryT0+BpfvyNRlycISsa/aR2owbXqlyAkQAaMgAAAAAPulUnRqKpSk4zj0aPgAWlCp2lGnPzRTP0MOF4vs2jxb9ut+G3o3GbUJ/O31R1ZWkWlTWuLXVvqUBH5BNX1xxb32j6+p2JyZwAWgAAAJNvSW2epOTSS229JFTjcfTs6SbSdZrvS8PcjlunZNuJb4i7r6bgqcfGfL5HTtcHQptSrzdVr2dEdYE7X5jxJRSSSSXRI9AOOhkvrCjeR764Z65TXVGsAS11ibq3bcY9rDzQ/owFwZbuwt7qL7WC4vOuTRXpNxSINF9aVLOu6c+afOMkuTRnKQ2YeHHkqCa3pt/BFYTP0fW8ivdB/wUxFXjwABxQAAAAAAADnZ6jGpYSm13qbTT+RMFblUnjrjfkZJFTiMuv/Z', '2017-03-22 14:29:27', '2017-03-28 13:08:42'),
(3, 'admin', 'admin', 'admin', 'admin', 'data:image/jpeg;base64,/9j/4AAQSkZJRgABAQAAAQABAAD/2wCEAAkGBwgHBgkIBwgKCgkLDRYPDQwMDRsUFRAWIB0iIiAdHx8kKDQsJCYxJx8fLT0tMTU3Ojo6Iys/RD84QzQ5OjcBCgoKDQwNGg8PGjclHyU3Nzc3Nzc3Nzc3Nzc3Nzc3Nzc3Nzc3Nzc3Nzc3Nzc3Nzc3Nzc3Nzc3Nzc3Nzc3Nzc3N//AABEIAFwAXAMBIgACEQEDEQH/xAAaAAEBAQEBAQEAAAAAAAAAAAAABgQFAQID/8QAMRAAAgEEAAMFBAsAAAAAAAAAAAECAwQFERIhMRMiUVJxQWGRoQYUFTIzQnKBwdHh/8QAFwEBAQEBAAAAAAAAAAAAAAAAAAIDAf/EABkRAQEAAwEAAAAAAAAAAAAAAAABAhExEv/aAAwDAQACEQMRAD8AuQAaMgAAAD2EJT+5GUv0rYHgPqdOdP8AEhKO/MtHyAAAAAAAAAANmIpqrkKMZLaTcvggOpisVCFNVrqClUktqMlyj/p14xUVqKSXgj0GbV8VaUK1N06sVKL6pk1lcc7OSnT3KjJ8t/lfgVBnyFJVbKvBrrBteq6HZdOWbR4ALZgAAAAAb8HKMcjDietppepgOr9HXH65NSS32e036o5eOzqjABDQMuTn2ePryT0+BpfvyNRlycISsa/aR2owbXqlyAkQAaMgAAAAAPulUnRqKpSk4zj0aPgAWlCp2lGnPzRTP0MOF4vs2jxb9ut+G3o3GbUJ/O31R1ZWkWlTWuLXVvqUBH5BNX1xxb32j6+p2JyZwAWgAAAJNvSW2epOTSS229JFTjcfTs6SbSdZrvS8PcjlunZNuJb4i7r6bgqcfGfL5HTtcHQptSrzdVr2dEdYE7X5jxJRSSSSXRI9AOOhkvrCjeR764Z65TXVGsAS11ibq3bcY9rDzQ/owFwZbuwt7qL7WC4vOuTRXpNxSINF9aVLOu6c+afOMkuTRnKQ2YeHHkqCa3pt/BFYTP0fW8ivdB/wUxFXjwABxQAAAAAAADnZ6jGpYSm13qbTT+RMFblUnjrjfkZJFTiMuv/Z', '2017-03-22 15:51:35', '2017-03-22 15:51:35'),
(4, 'hola', 'hola', 'hola', 'hola', 'data:image/jpeg;base64,/9j/4AAQSkZJRgABAQAAAQABAAD/2wCEAAkGBwgHBgkIBwgKCgkLDRYPDQwMDRsUFRAWIB0iIiAdHx8kKDQsJCYxJx8fLT0tMTU3Ojo6Iys/RD84QzQ5OjcBCgoKDQwNGg8PGjclHyU3Nzc3Nzc3Nzc3Nzc3Nzc3Nzc3Nzc3Nzc3Nzc3Nzc3Nzc3Nzc3Nzc3Nzc3Nzc3Nzc3N//AABEIAFwAXAMBIgACEQEDEQH/xAAaAAEBAQEBAQEAAAAAAAAAAAAABgQFAQID/8QAMRAAAgEEAAMFBAsAAAAAAAAAAAECAwQFERIhMRMiUVJxQWGRoQYUFTIzQnKBwdHh/8QAFwEBAQEBAAAAAAAAAAAAAAAAAAIDAf/EABkRAQEAAwEAAAAAAAAAAAAAAAABAhExEv/aAAwDAQACEQMRAD8AuQAaMgAAAD2EJT+5GUv0rYHgPqdOdP8AEhKO/MtHyAAAAAAAAAANmIpqrkKMZLaTcvggOpisVCFNVrqClUktqMlyj/p14xUVqKSXgj0GbV8VaUK1N06sVKL6pk1lcc7OSnT3KjJ8t/lfgVBnyFJVbKvBrrBteq6HZdOWbR4ALZgAAAAAb8HKMcjDietppepgOr9HXH65NSS32e036o5eOzqjABDQMuTn2ePryT0+BpfvyNRlycISsa/aR2owbXqlyAkQAaMgAAAAAPulUnRqKpSk4zj0aPgAWlCp2lGnPzRTP0MOF4vs2jxb9ut+G3o3GbUJ/O31R1ZWkWlTWuLXVvqUBH5BNX1xxb32j6+p2JyZwAWgAAAJNvSW2epOTSS229JFTjcfTs6SbSdZrvS8PcjlunZNuJb4i7r6bgqcfGfL5HTtcHQptSrzdVr2dEdYE7X5jxJRSSSSXRI9AOOhkvrCjeR764Z65TXVGsAS11ibq3bcY9rDzQ/owFwZbuwt7qL7WC4vOuTRXpNxSINF9aVLOu6c+afOMkuTRnKQ2YeHHkqCa3pt/BFYTP0fW8ivdB/wUxFXjwABxQAAAAAAADnZ6jGpYSm13qbTT+RMFblUnjrjfkZJFTiMuv/Z\r\n', '2017-03-22 16:04:50', '2017-03-22 16:04:50'),
(5, 'hola', 'hola', 'hola2', 'hola', 'data:image/jpeg;base64,/9j/4AAQSkZJRgABAQAAAQABAAD/2wCEAAkGBwgHBgkIBwgKCgkLDRYPDQwMDRsUFRAWIB0iIiAdHx8kKDQsJCYxJx8fLT0tMTU3Ojo6Iys/RD84QzQ5OjcBCgoKDQwNGg8PGjclHyU3Nzc3Nzc3Nzc3Nzc3Nzc3Nzc3Nzc3Nzc3Nzc3Nzc3Nzc3Nzc3Nzc3Nzc3Nzc3Nzc3N//AABEIAFwAXAMBIgACEQEDEQH/xAAaAAEBAQEBAQEAAAAAAAAAAAAABgQFAQID/8QAMRAAAgEEAAMFBAsAAAAAAAAAAAECAwQFERIhMRMiUVJxQWGRoQYUFTIzQnKBwdHh/8QAFwEBAQEBAAAAAAAAAAAAAAAAAAIDAf/EABkRAQEAAwEAAAAAAAAAAAAAAAABAhExEv/aAAwDAQACEQMRAD8AuQAaMgAAAD2EJT+5GUv0rYHgPqdOdP8AEhKO/MtHyAAAAAAAAAANmIpqrkKMZLaTcvggOpisVCFNVrqClUktqMlyj/p14xUVqKSXgj0GbV8VaUK1N06sVKL6pk1lcc7OSnT3KjJ8t/lfgVBnyFJVbKvBrrBteq6HZdOWbR4ALZgAAAAAb8HKMcjDietppepgOr9HXH65NSS32e036o5eOzqjABDQMuTn2ePryT0+BpfvyNRlycISsa/aR2owbXqlyAkQAaMgAAAAAPulUnRqKpSk4zj0aPgAWlCp2lGnPzRTP0MOF4vs2jxb9ut+G3o3GbUJ/O31R1ZWkWlTWuLXVvqUBH5BNX1xxb32j6+p2JyZwAWgAAAJNvSW2epOTSS229JFTjcfTs6SbSdZrvS8PcjlunZNuJb4i7r6bgqcfGfL5HTtcHQptSrzdVr2dEdYE7X5jxJRSSSSXRI9AOOhkvrCjeR764Z65TXVGsAS11ibq3bcY9rDzQ/owFwZbuwt7qL7WC4vOuTRXpNxSINF9aVLOu6c+afOMkuTRnKQ2YeHHkqCa3pt/BFYTP0fW8ivdB/wUxFXjwABxQAAAAAAADnZ6jGpYSm13qbTT+RMFblUnjrjfkZJFTiMuv/Z\r\n', '2017-03-22 16:06:38', '2017-03-22 16:06:38'),
(6, 'marroquin', 'amanda', 'amanda@gmail.com', 'Sakura10', 'data:image/jpeg;base64,/9j/4AAQSkZJRgABAQAAAQABAAD/2wCEAAkGBwgHBgkIBwgKCgkLDRYPDQwMDRsUFRAWIB0iIiAdHx8kKDQsJCYxJx8fLT0tMTU3Ojo6Iys/RD84QzQ5OjcBCgoKDQwNGg8PGjclHyU3Nzc3Nzc3Nzc3Nzc3Nzc3Nzc3Nzc3Nzc3Nzc3Nzc3Nzc3Nzc3Nzc3Nzc3Nzc3Nzc3N//AABEIAFwAXAMBIgACEQEDEQH/xAAaAAEBAQEBAQEAAAAAAAAAAAAABgQFAQID/8QAMRAAAgEEAAMFBAsAAAAAAAAAAAECAwQFERIhMRMiUVJxQWGRoQYUFTIzQnKBwdHh/8QAFwEBAQEBAAAAAAAAAAAAAAAAAAIDAf/EABkRAQEAAwEAAAAAAAAAAAAAAAABAhExEv/aAAwDAQACEQMRAD8AuQAaMgAAAD2EJT+5GUv0rYHgPqdOdP8AEhKO/MtHyAAAAAAAAAANmIpqrkKMZLaTcvggOpisVCFNVrqClUktqMlyj/p14xUVqKSXgj0GbV8VaUK1N06sVKL6pk1lcc7OSnT3KjJ8t/lfgVBnyFJVbKvBrrBteq6HZdOWbR4ALZgAAAAAb8HKMcjDietppepgOr9HXH65NSS32e036o5eOzqjABDQMuTn2ePryT0+BpfvyNRlycISsa/aR2owbXqlyAkQAaMgAAAAAPulUnRqKpSk4zj0aPgAWlCp2lGnPzRTP0MOF4vs2jxb9ut+G3o3GbUJ/O31R1ZWkWlTWuLXVvqUBH5BNX1xxb32j6+p2JyZwAWgAAAJNvSW2epOTSS229JFTjcfTs6SbSdZrvS8PcjlunZNuJb4i7r6bgqcfGfL5HTtcHQptSrzdVr2dEdYE7X5jxJRSSSSXRI9AOOhkvrCjeR764Z65TXVGsAS11ibq3bcY9rDzQ/owFwZbuwt7qL7WC4vOuTRXpNxSINF9aVLOu6c+afOMkuTRnKQ2YeHHkqCa3pt/BFYTP0fW8ivdB/wUxFXjwABxQAAAAAAADnZ6jGpYSm13qbTT+RMFblUnjrjfkZJFTiMuv/Z', '2017-03-28 13:05:17', '2017-03-28 13:05:17'),
(7, 'montoya', 'edgar', 'edgar@gmail.com', 'edgar', 'data:image/jpeg;base64,/9j/4AAQSkZJRgABAQAAAQABAAD/2wCEAAkGBwgHBgkIBwgKCgkLDRYPDQwMDRsUFRAWIB0iIiAdHx8kKDQsJCYxJx8fLT0tMTU3Ojo6Iys/RD84QzQ5OjcBCgoKDQwNGg8PGjclHyU3Nzc3Nzc3Nzc3Nzc3Nzc3Nzc3Nzc3Nzc3Nzc3Nzc3Nzc3Nzc3Nzc3Nzc3Nzc3Nzc3N//AABEIAFwAXAMBIgACEQEDEQH/xAAaAAEBAQEBAQEAAAAAAAAAAAAABgQFAQID/8QAMRAAAgEEAAMFBAsAAAAAAAAAAAECAwQFERIhMRMiUVJxQWGRoQYUFTIzQnKBwdHh/8QAFwEBAQEBAAAAAAAAAAAAAAAAAAIDAf/EABkRAQEAAwEAAAAAAAAAAAAAAAABAhExEv/aAAwDAQACEQMRAD8AuQAaMgAAAD2EJT+5GUv0rYHgPqdOdP8AEhKO/MtHyAAAAAAAAAANmIpqrkKMZLaTcvggOpisVCFNVrqClUktqMlyj/p14xUVqKSXgj0GbV8VaUK1N06sVKL6pk1lcc7OSnT3KjJ8t/lfgVBnyFJVbKvBrrBteq6HZdOWbR4ALZgAAAAAb8HKMcjDietppepgOr9HXH65NSS32e036o5eOzqjABDQMuTn2ePryT0+BpfvyNRlycISsa/aR2owbXqlyAkQAaMgAAAAAPulUnRqKpSk4zj0aPgAWlCp2lGnPzRTP0MOF4vs2jxb9ut+G3o3GbUJ/O31R1ZWkWlTWuLXVvqUBH5BNX1xxb32j6+p2JyZwAWgAAAJNvSW2epOTSS229JFTjcfTs6SbSdZrvS8PcjlunZNuJb4i7r6bgqcfGfL5HTtcHQptSrzdVr2dEdYE7X5jxJRSSSSXRI9AOOhkvrCjeR764Z65TXVGsAS11ibq3bcY9rDzQ/owFwZbuwt7qL7WC4vOuTRXpNxSINF9aVLOu6c+afOMkuTRnKQ2YeHHkqCa3pt/BFYTP0fW8ivdB/wUxFXjwABxQAAAAAAADnZ6jGpYSm13qbTT+RMFblUnjrjfkZJFTiMuv/Z', '2017-03-28 13:06:03', '2017-03-28 13:06:03'),
(8, 'meneses', 'rene', 'rene@gmail.com', 'pudin', 'data:image/jpeg;base64,/9j/4AAQSkZJRgABAQAAAQABAAD/2wBDABALDA4MChAODQ4SERATGCgaGBYWGDEjJR0oOjM9PDkzODdASFxOQERXRTc4UG1RV19iZ2hnPk1xeXBkeFxlZ2P/2wBDARESEhgVGC8aGi9jQjhCY2NjY2NjY2NjY2NjY2NjY2NjY2NjY2NjY2NjY2NjY2NjY2NjY2NjY2NjY2NjY2NjY2P/wAARCAFoAeADASIAAhEBAxEB/8QAHwAAAQUBAQEBAQEAAAAAAAAAAAECAwQFBgcICQoL/8QAtRAAAgEDAwIEAwUFBAQAAAF9AQIDAAQRBRIhMUEGE1FhByJxFDKBkaEII0KxwRVS0fAkM2JyggkKFhcYGRolJicoKSo0NTY3ODk6Q0RFRkdISUpTVFVWV1hZWmNkZWZnaGlqc3R1dnd4eXqDhIWGh4iJipKTlJWWl5iZmqKjpKWmp6ipqrKztLW2t7i5usLDxMXGx8jJytLT1NXW19jZ2uHi4 Tl5ufo6erx8vP09fb3 Pn6/8QAHwEAAwEBAQEBAQEBAQAAAAAAAAECAwQFBgcICQoL/8QAtREAAgECBAQDBAcFBAQAAQJ3AAECAxEEBSExBhJBUQdhcRMiMoEIFEKRobHBCSMzUvAVYnLRChYkNOEl8RcYGRomJygpKjU2Nzg5OkNERUZHSElKU1RVVldYWVpjZGVmZ2hpanN0dXZ3eHl6goOEhYaHiImKkpOUlZaXmJmaoqOkpaanqKmqsrO0tba3uLm6wsPExcbHyMnK0tPU1dbX2Nna4uPk5ebn6Onq8vP09fb3 Pn6/9oADAMBAAIRAxEAPwCX/hFNI/54yf8Afyj/AIRPSP8AnhJ/38NUDf3YBP2h/wA6mt9TnQgvIzj3q7IXtF2LH/CKaR/zwk/7 Gl/4RPSP eUn/fw1YMryxeZFK30BqSC4d48k8jrV zD2kexT/4RPR/ eMn/AH8NH/CJ6R/zxk/7 Gpb WdEDJKy/Q1VF5PIuRM frUuNg9pEl/4RTSP eMn/fw0n/CKaR/zwk/7 Go7C8nN1sklZgexNbcT4PPNFh86Zk/8IppH/PGT/v4aP EU0j/njJ/38NdIqowGAKXy1/uiiw ZHNf8IppH/PCT/v4aP EU0j/nhJ/38NdN5af3RR5af3RRYLo5n/hE9I/54yf9/DR/wiekf88ZP /hrpvLT 6KPLT 6Kmw7o5n/hE9I/54yf8Afw0f8InpH/PGT/v4a6fy0/uijy0/uiiwXRzH/CJ6R/zxk/7 Gj/hE9I/54yf9/DXT Wn90UeWn90UWC6OY/4RPSP eMn/fw0f8InpH/PGT/v4a6fy0/uijy0/uinZBdHMf8ACJ6R/wA8ZP8Av4aP ET0j/njJ/38NdR5Sf3RSeUn90UrBdHMf8IppH/PF/8Av4aP EU0j/ni/wD38NdP5Sf3RR5af3RRYOZHMf8ACKaR/wA8ZP8Av4aP EU0f/njJ/38rpvLT 6KXy0/uiiwro5j/hFdI/54Sf8Afyj/AIRTR/8AnjJ/38NdP5a/3RSeWn90UWC6OZ/4RPR/ eUn/fw0f8Ino/8Azyk/7 Gun8tP7opPLT 6Kqw7o5n/AIRTSP8AnjJ/38o/4RTSP eMn/fyum8tP7opPKT 6KmwXRzX/CKaP/zxk/7 Gj/hFNH/AOeMn/fw103lp/dFHlp/dFFgujmf EU0j/nhJ/38NH/CKaR/zwk/7 Gum8tP7opfLT 6KLBdHMf8Ipo//PGT/v4aP EU0f8A54yf9/DXT Wn90UeWn90UWC6OY/4RPSP eMn/fw0f8InpH/PGT/v4a6fy0/uil8qP 6KLBdHL/8ACK6R/wA8JP8Avs0f8IrpH/PCT/vs11HlR/3RR5af3RRYXMjl/wDhFNI/54yf99mj/hFNI/54yf8Afw11HlJ/dFHlp/dFFg5kcv8A8IppH/PJ/wDv4aP EU0j/nk//fw11HlJ/dFKIkP8IosHMjlv EU0j/njJ/38pf8AhFNI/wCeMn/fyupEEYGSooEUf/PMflT0DmRy3/CKaP8A88ZP /lJ/wAIppH/ADxf/v4a6zyIv7gpDDGP4BQLmRyn/CKaR/zxf/v4aP8AhFNI/wCeL/8Afw11Bij/ALoo8qP 6KViuZHL/wDCKaR/zxf/AL Gj/hE9I/54yf9/DXUeUn90Vi JZnto4lhYoWPVaNATTdij/wiekf88ZP /hpP EU0j/nhJ/38NTaFPNOtw0sjPtAxmtPJppDdk7GP/wAIppH/ADxk/wC/ho/4RTSP eMn/fw1sZNGTTsK6Mf/AIRTSP8AnhJ/38NH/CKaR/zwk/7 GtbJoyaLBdHJSp 7bmltjujVSPmPenT8RsD6UluuYFPekcxbs52gl2n7jdavxArcMo5Dc1jFjyO4rXhuGjsxMo3FeCPWtIyAmu4yYzmsoL5UuP4TWp/ayXeIRFgEcn0qhKpOR6VW6AhtlCagDnvW/WBz5kb/AIVuJyAazLRoWshIwatVmRNtNaCNuUGgsfRRRSGJRRRSAKKKKAFpKKSgQtLSCgUAFLSUtMApruF780tVCCHOadhMcZXHemFmzncaViAQD0NKR83Tg07ECrctxkVKshLANgA9KicYwtNUAg7qCi3RUEBbkE5FT0h3FpcUAUtSIQim0 mU0NBRRRTKFooopAJRRRSAdmim0kkqQxNJKwRFGSx7UCHU6q8VxDPAJ45VeHGd4PFcvP4ku5rvzbUKtosgRQRzJzSbSC1zsKVKYDnmng/pTJBjzihSajdwgyagju2DYxQBezRULyYOB970psdwrKWypCnBII4oAlpK5/8A4SyF7zZHbFrUPsM eM1v5z05o3GLXM LWPnW69tpNdNXL K/ PuH/dNS9i6XxC G/wDj3uvwrUrL8Of8e9z9RWnVw2HP4goooqiQpaSigRy92PkJpbcYhXnqKLhv3ZHtUkXyoOO1QZMruMMTWppyFrZgTwTVGRd0J471f005tjnsauO4is0P2eQ vY0Bt2c1qSxrKvzDNZwUA8VohETL1A7citWwk8y3UnqOKz3wjA tT6Y3MkZ orMtGiKu2r5GKo1PbNhxig0L9FFFQMKKKKACiiigANJS0lAhaKKKBhRRRTQBUcsefmFSUv8ADVElLG8Y7ing4Ud aWWMxtuHQ1GGzQIlkIb60gX5go5pM5NTRptGaQD0UKKdikFLmkMWikzS5pCG0U6m0IpCUUUVQxaKKKYCUUUUgCue8YyZtLa2yQJpQGx6V0NYfi63Z9OS5QZNvIHP0qJX5WEdznTfyWyXGk2 Qtww24/hHemXM0Nnc2cPls6RtuCL3x0pVVX1hpz90RZFMhZGll1CUdTshX1 lcvNqvI6OVWdjfsNZ1K51eGOby1SUkmIDlV9c10c5Kxnb1rH8OaY9ur3t2v kzjhf7i9hW0Rkc10wvbU55WvoURKzNtZd2elRCTA4RtwPNSSRmOUc9TxUvmoIzhCWPBrUzMnxPeTRWZET4e4IVcdQD1rnG86zlFjaOyx3K/veefrW34iBM2nOT8u4jp3rKtsPqNxK3/LMbRnoB3rkqycZaHTSgnHUdLHFH9mt1IRC45PGAO5rpLHWLeSVoLaXzgnUkY/KuQ8tb65a6mOLaHhf9qug8M2LXEr38ihUb5Y1xj5RTouysKrvc6dTuXI7iuY8Wf8fkP 5XTjgVzHiv8A4/If92tZE0viDw4f9HuR7itWsrw5/qLn6itWrjsE/iEoooqiQoopaBHK3J6emamTjFVrvoM tTof3YqUYvYeeYnH41c0k/uGHvVLdtBPqMVPaN5cQqo7iNQ9DWWfvH61pqdyg tQ3EIKll61qBRl5QY7GpbVgl6p/vDFRP8A6tqaCEMbnsayluaR2NqnxHDCmA5AI70KcNQWaq8gUtRwHMYqSpAKKKKQwooooAQ0tIaKYhaKKMEdePrxSC4UVG08K/emiX6uKb9qtun2mHP/AF0FMCYUtIGQjKyRn6OKdg46flRcRBJB5j7txx6VH9m9DVmii4WIBG6fdwamFLRTuAtJS0lSMWikzSUAOzRSUtACUUUVQwooooAKKKKBBWPruqxW8TWccX2m4mUjy yj1NXNVvl0 xkuG5YcIPVj0rnbOJlDTTczync7f0rCrU5UdFCi6kvIy10a6MR3Xe12XaVA4x6Vo G7aNdX8nUPmliX/R1/gI9frVrFVLxzb3dlcrwY5QCfY1z06l5anXiKCjTbR2tNNGc0V3HljZUEiYP51Wee3022L3cyoO3qfpUt3cxWVrJcTHCIMn39q5TMmoXP229 Yn/Ux9kH NZ1KigjalRdWVkGqX11qkQS0s9qI4ZZJWwfyrHuUvIIZBPEqJM43yIegroSSaa6LIhRxlWGCDXG6vM9T0PqqjHQraXp51Z0jjBSwi 82Mb/AP61djHEkMYjjGFUYFYXhF2hiurBufIf5D/smuhrsgkloeZNtydwFcx4s/4 Yf8Acrp653xbGf8AR5PqtUwpfEQ Hf8Aj3uPqK1KzPDp/wBHuF9wa1O9OOw6nxBSUuKMVZAmKMUuKWgRyF525/ipyuQMUy7/AIfrTWkAIA59agyLecx1ZhX90KpW eSTV H/AFQq47iZfh5iX6U4jIxTIf8AVL9KcTWoGfcJtd1qCT/j3B71bvhhx9KqrhoKyluVE14W3QofUCng81W0599oo7rxVqg1L9scpU9U7RuSKuUgCiikzipGLRTS6gZLAAdSTWFfeJolZrfTIzczZwZP4FpNpbgk27I3ZHSJC8rrGg6sxwKwrvxTaI5isYZLyUd14WsmWKa8ffqU7Tt2QHCCpUVY1CxqqAdgK554lLY7KeCnL4h8upa5cjmWG1Q9k5Iqu8Es3/HzfXEp9mwKmJ9aQAn7oJ lc8q82dscHTjuV/7OtMfMjv7sxpf7Psv ff8AWriwyN/A35UrQTDrGxqfaTNPY0kUvsNvj5RKh/2XNSQx3EH/AB739xGe25sipSrL95GH1FJQqs0J4alLoSxavrdt97yLxB DVoWnieymfy7lJLKU/wDPTlT NZVI6JINsiBx6NW0cS pzzwEX8LOvRldAyMrqf4lORS1xcMc9ifM0 4aI/8APN UNbemeIIrqT7Ndr9muh2J V/oa6oVIz2PPqUZ03aRs0hpaK0MRKKKKAFHSikpaEMWiiimAlFFFMAoopkriKJ3Y4CqTSA5vWpjfa0lr1htBvYerGlPWqmnkypJcuctO5bPtVsV5lWXNI9rDU SmFUdX/49k/66r/OrtU9SG77Mv96ZaVP4kPEfw2dmv3Fz6Clo6Vn6xq8ekwIxiaaaTIRF716J4lrmTr0pvtWSzBPkWo3SejN2FNqpp7ebC1wxzJMxZvb2q1Xn1Z80j2sNT5IDqQ9KKPrWZuybw1zq2oHPZRXSVz3g5C0F5dt1mmIU wroa9OHwo8Co7yYVj KYjJpodf Wb5NbFVdTi87T5o/UUyYOzOd8PN/x8L64NbNYOhNi5lU8fLW9TjsXU IKM1FLJt4ojlDcd6szJM0tFFAHGXcobG2khTcpJ6moo13sM1opGFj4HaoMyO2bqK0YWAjxWZbH52 taNtznNXHcTNCIYjUe1XV0 Vot/GeuKpof3Y9hUyeJLdLUIUZpgNuBVSdhoo3gxjPXoapQ/6sirM1yLiPoVbOaqxdG tJhHc0NLIETr6NV2s/TGxLKnfrWgKRaJbY4cVoVmxHD1oL90UFDqp31zHb2zTSuEjXnJ71LeXUNnavNcPtQfqa4 V5tVlEt0SLZW/dQ/1NZTqKG5dOnKo7ISe4utWJ ZrezJyFH3nqeKNIY1jiQIo9Kd/kVPb2kk5yOF9TXnTqSqM9mlQhRV2Q9TwCT6CrMNhJIMsNorRt7OOH3b1NWcUKFtxTr/ylKPToV 8N31q1HDGn3EA lSUVSRg5N7hSUtFBIxkVhyAaqz2EMgJxtPtV3FGKGilJrY52aIxyFGplXtUUeYpHWqNYyR303eNwqK4t47lNsg5HIYdRUwpMUKTTuhyipKzJ9K1iawmSz1Ft8THEU/p7Gunz6Vx00KTxNHIMqe1X/D2ovHN/Zt2 SBmFz/EPSu jV5tGeNicO6butjoqKKK6TjFpKKBTGOooOAOahafbzsJGccUAS0VD5uQwXqPWnCYBQX4oFckrL8STm30aYjq EH4mr4uoicB6w/FrFo7O2H/AC0l3H6Cpm7RbLguaSRVgj8uBEHRVAqWm07rXlHvrRCVQ1F5VltGigMpSTdtFStdq04igXziPvFei0ss8jTLa2g8y5fjA6L7mtIJqRjWcXBps6HSNT/tO3eQwmF43Ksh7GsrX8nxBZqeQsTEVtaZYrYWaQL8z5y7f3mrmfEU0kuviSFSY7JB5p9M12Tu4nk0mlUQ61gFujIDnLE/nU9UfM zXuWP7i4xtf0NXa4Wj2oNPQdVe/lMNlM46hePrU9Vb5fPNtajrNMvHsKIK8kia0uWDZ0 h232PR7WEjBCbm pq7R0AA6DiivRPBYVHMu6MipKRhkVSA4 1XytdZBwMmt2si6Hk IYye5rW9acS5kE/wB mxnDilm  aao cVqtjEtjpSimjoKUVBZyESEEGrnaolGMCpVqUjJlO3O2VhV JugqggxcuKvRnFOO4GvHzEtULq0SMtJGDuJ5q/F/ql lI4ya1aEZKZzmkTOWx61eukRQhVcE1SjGXce9RIpE9mSt MfxjFatZVvxfx1rVKLQIcMKvmVIoPMkYKqjJJqgDzWPq1 2oTiwhJFvGczMP4j6VM5KKuawg5uyIry7fWrsTuCtnEf3SH I pqQcnp1puAMBRgDoPSr nWhkPmuMKOgrzJSdR3PahCNCA6zsCxDy9OwrUUBRgDApcDHFFNKxzTm5u7CiiirEFFFNaREGWYD6mpEOoqq2oW6/x5 lQNqsY 6jGnctQk ho1DNOkK5YgVmyalK33VCiqkkjSHLsSfeoc0aRot7j7iUzyk9u1RmlHSkNZXO1KysJRS0lAwqveQPNGGibbNEd0behqxRVRk4u5nUgpx5Wb iagupWCTdJB8si hq/XJ6RcLYa35THEV2Mj0DCuszxXqwlzK589UhySaYUuaSirMyBnOSCKF4FOlXuBTQV2EA0xidecU12wpz0FOQBkJwR7VEVZYTvIBJ6UEkDAOQVFZWsNI uWsEhB8qIt dTa1JLBajaxhUuA8gGdorNWXToJTKLgvKwwW3bmNYV5acp04Wn73O3oizLcJFwQzN2VRzUMyyTIWunFtB3QH5mqe2h1LUD/AKBZmFD/AMt5uP0rZsfDMEbibUJWvZxyN3Cj8K5YUm9zuq4mK0RiWNpc36CHTYfs1v8AxTuP5VoabpkGneIJIrfcdkA8x2PLE106gKFVQAB0ArC0xvN1nVZjyPMCD8BXTCCRwVKspmrkAEnoOax/DVsl5bahdTKCLyYr/wABFXdXn z6VcyjqIzipPD1v9l0S1iPXZuP41UjJHIy2pikuNJuhgrzE3qO1PspZMGCZT5sfGT/ABD1rp9d0j 04Vkhby7uHmJ/6GubjmJlaC4TybleGQ9/cVy1YtHp4aqpb7k5pNLh 0eI4yeltGWP1NI7CNCz5wOvFTeEJ4Jri kLgTO ERuu0UUFeVysZK0LHTUUUV2nki0hoooA5TXv3WrRy59MVr5yAexGax/FP/H8o/2c1qWrbrSI/wCyKI7mktkyOf8A1lNX7wFSXA5FRxDLitOhi9y3RQaSpLOYH36evWo0SRSMqacJAWx3pXMWiqeLyryjJqjJxdj61aJwQaEJm1CcxLQ/36banMIpW /W4Fe7 8g9KppxI496tXZzIMHpVbpMfpUyCO5Jbf8AH8la9ZFt/wAhCP6VqyOsUTyOcKiljWRsjP1i9aCNYLfm4m4H yO5qnbwC3hEanPcn1PrUVpuuZHvZs75T8vstWs151epzOyPZwdDkjzPdklvH506p db0aBFC9hWXpW3zmz97HFa/SogtB15XlYKKgnuooFyzD6Cs6bUnfiNdo9TVXsZxpuWxqPKkYy7ACqU2qRrkRqXNZju0hy7E/WkqHM6I0F1LEt9O/G7aPaq5JY5Yk0UVDk2bKCWw2lzS0Url2CiiikIXNFJRQAtFJRQAlFLSUDKuoArCk6/egcOK7WGQSwpIOjqDXJTp5lvIh/iQitzw3P52hWhJ5VdpP0r0MPK8TxsdG00zVpBS01Wy K6kcI/FVWiMcu4D5fSrVRzMRgBcg9/SqEyuqEA7ZccHNQOoWJFUlyDU2zJbc2D1qvE7yTgAcHjp2oJHrG02IWUSIeXyODVaxsLSHxU6Q28aqtvnAHGa1owoX9309qo2v8AyNs//XuKmRcdDc7AdhQKKMH0NZjFzj5vQZrn/Dg3Wc056zTu361tXb XZ3D/AN2Jj lY3hYEaBak9WBb8zVIBPEmWtLe3H/LeZVP0roEQIioOijFYGpfv/EOlwfwqTIfwroM0mMMVQ1PSbPUwPtEfzj7si8MtaORTaQLTY4nV9PvtIjiMV6tyJHCRxyLhjn3q7YeH7sahFe380KNF92OEdfqasXSi/8AFMSZzFZJub/eNbNEYJalSqykrMXrSUCirMhaSig0Acp4qH nIfVKtaQ /T09uKi8Vp 9gb2pmgSAwyRdwc1K3OiSvBGjOPkqOD79SzfcNR22Oa26HO9yxSUU2kUc59vkP/LJaeZ3YAmBPzqAACp1GQKmxm2UdrPc7sYAqxKcbfrUhRQOOtRz8bPrTJNq0OYRT2HNQ2P qFTSHBrVCKEpJlNQn/Wj6VKeSTUI/wBYtTMI7joyRexEU/X52YxWEZ5mOX9lFMT/AI 4vrVff9p1u5m7RgItc9aXLBs7MNT9pUSJwAoCr0AwBTqbTq8k hFV2QhlJBHcU83ExGDIajop3JcUwOSck5ooopFBRRRQIKKKKCgopaSgAoopaAEooooAKKWigAooooAMVf8ACGToo9pW/nWexwjH0BqfwZqMP2RbFgwmLM4J6Hmu7C9Ty8f0OnC8c0gUDpTqK7UeYFFFFMAIz1AoAA6DFFFILDQoUYAxWfb8eLXH962/rWlWdgr4ptnPR4GWpYFvWdRTTLISEr5jnZHuOBn1rFhmNzIX0/XvNvV5MTEbG9hWZ8SrjM1paqeFUua4mGV4ZVkiYq6nII7VAz1m61A3fhO5u2UpIYmV19G6EVJoUfl6NZJjpEK57TbiSbwJePK255HwT9TXU2ibLWBB/DGo/SqQGda/v/GMxP3beAAfU1o6nqcenKi48y4mOIoR1as7w6wl1XWLpvuiQJn6CuA8SarLqGtTTCRtqNtj56CkwPRnu9at0NxNbW7xKNzRxt8wHt61pxXUMtqt0h/dMm/PoK8r0TxJd6azxSyPLbyKVZWOce4rsZrh7fwbbxof310BHH JpCLHhxTLFc37dbqUsP8AdHSteorO3W1tIbdekaAVLWiEOopaQ0xiUtFFSSYPilc26MP4WrH0WXy70A9HGK1PFMmBGnqc1h2bbbuI/wC0KnqdUVeB1JA6GmrGEORUlFanMFJS0lAzlyMVPHylVTVmLPlCkYsCKguc7k tTk5NVrr70YHcihiN20P7sUT5wcelNtvSn3Bwma1QGf2zUR/1gqU8VEf9b FExoeuBPGx7An8hVPSvmtGkP3nck1cbjDeit/KqulDFhH Nefin7tj08AvfbLdFFFeeewFFFFMoSlpKKQhRRS0lAwooooEFFFIAT0FADs0lKRTJXWKIu5wAPzppa2E2krjuB14pa53zXu7h2m3IR/BnGKbbXzxznyg5VT8yMc8Vu6LOVYuN7HSZpKZDKs0YdDkGn1i0dW4UUUUhlbUZhDZSt3xgVS8MyXNpqVtIts0scowp9PWr9vYjXL02 5hbRf6119fSuo0jSoNJtjBAWYE53P1rvw8LI8XGVeadkXqKKK60cYtFFFMYUUUVICVm3x8rVdNk9XZPzFaVZeu/LBay/8APK4U/nQ9hHK/EdSNcjJ6GPiuQr0X4iabJPbQ30SlvL4fA7etcLp1jNqF2lvAhZmOOB0rMZ2dhC0XgAZH slB/WutzsiB/uoP5Vma5bLaeH7SzQ8LLGn15q/qMghsLl/7sZ/lVIRjaQ/keFNRvMfNI8jV5mx3MSe5r1bTrFp/Bi2y/elhY/ia8rliaGVo3GGU4IqRjrWIz3McS8lmAr06WHzdc06y/wCWdjCJGH 1jiub8C6E9xerqNwu2CHlcj7xrqNDzPcX98es0u0f7opoTNY0UUVoIdS03 Gl/hpDCiiikI5LxO5bUdvZVrKt/wDXx/7wq9rz79WmPocVXsFD3sQPTOaz6nUtIHUUtJ3pa3OYSiiigZx/2mM8A81ahlRkAVhVRbZSc7e9OWyRmJII44walGLsXchRk1WuQd0Z96g8iSP/AJakr6GrM/8Aq48 tO4rGvaMGTI71bhtzeOUQ8DqfSqGnf6rFWrLWI7GeWKcEKTkECrvZAkVr zezn2OQQeQRVL/AJan6VYvtTbUb0uAREBhc1XU/vWpXuhW1HTvthb/AHT/ACqvpY/4l8WfSpbgFoiB1INR6af9Ai9uK4cTsetl/wATLNFLSVwHsDaKdRQISikpaAFooooEFFNp1AxGYIpY9AMmrmnaCl5ai5vpnLPyqRtgKKqFQ4KnoRitTwpM0ullGbPkyFAfauzDxi9zzsbOULWHN4Zssfuri4iPs2aI9FtLaVXd5Lp16eYeB FbFZWv3n9n2TTJ/rX VB711ckN7HnOtUelyj4gTSApe/8A3cxHy UPnNciCximaDDKO8nyuB/WpwrM5lnYyzN1dv6VS1GWDO3bl/X0rP2ilKyRo6MoRu2S6TqBth87BoyeR3HvXRRTRzqGicMK5X/RRAEXLSk53DgCrAQwjEmQpHEiHpWM4Js7KNeUFZ6nRyyJEu6R1UfWmw213qr XaKYoP45nGPyrlWcedtaTcwIKv1B teg6F4ht79EtpdtvcKuNv8AC30q6dBXuzOtjJNWiaWn2EGnWy29uuFHUnqTVmjvjuKK6krHni0UUVYwooooAKKKKAEqlrMfmaVNjqo3D8Ku1HKnmQuh6MpFJiJrZluLGIuAyyRjIPQ8UltZWloxa2to4mbqVXmqnh6QyaPEO8ZKH8DWnWQGL4mJMdgg73S07xE23SLz3Uik8Qc3mlKP fjP6VH4nONGm92A/WmBq6WnlaZaIONsS/yqleeGtJvLr7RPa5kJycHg1pWwxawj0Rf5VJSAo6hJFp2jTvEgRIoyFUetQ6ND5GlQIfvFdx pqHxM/mQ2tiBk3UwB g5NaSgKoUdBxVIGJRTqKoQopf4aaKcKQxpoFBo7H6UCRwd   /nb/bNT6NEZL0N2QZNVLn/AI Zf941p H/AL0v0rNbnVLSJtUUUVscwUlFFMDloxnmpC3OO1IgAHFOA5GakwK87Y2jGcsKfc8qmPWkuwBsI65pZRmJfY0hmrp6OIQ 35OmaL20ScbujD9atWWBpSAd2zRKPlb6VstUGxjjCdBxTE 8x9TUxUGo0 8w96T0BDmXLxA9C1QacCkUkZ/gkYVPJ0i/3hURHk6xdRDo JBXFiVeNz0sDK1SxPmikpa849oKKKKACkopaAEopaKAFpHZUQu5wo6mlqO4iWeFomJAbuKpLUUm0tAs7a 1jP2VDDbZw0zcE/Suo06wh06zW3gB2jkk9SfWse01ya0SOG9tlaFcKssXQfUV0QYMoK9CMg16VKMYrQ8GvUnOXvhXN M8 VaH ESc10lUdY00apZNbl9jZ3I3oauSurGUGlJM4Y5KkA84rOGmFmy8gxn0q1cTSWU7W93CyyocH3qCXUAOEjx6Zrkipx0R3TdOerZDDYTy3LwRRlmALDPGQKU3Ti3EAjIboTVqwtr27uFn3tEqfxdMD2rcgtooY1CqrFf4iOauc4rcVKjOd XYzPDWnNNeEqF 0xjdHBMvEg71Pd6bFNO7WkTxTx8yWj8H6oatXZeHZeRf622beD6juK6mW3ttZsoJnGCy7klT7yGtKcudXRzVqbpTszm9F8TS2oEF GeIHG8j5k/3hXXxuksSyRsHRxkMD1rg/EFldWWoQGZo5fMyN68bx7irfhjUGs9QSzLE28x VT/Ca0UtbMza6naUUUVoIWikpaYBRRRSASiiigRR0NhFc39p/cl3qPY1risVf9G8TRP0S6hKf8CFbQ61kBi68cajpX/XY/yqLxSR/Y8mf76/zqXxB/x/6T/13P8AKq/ir/kFf9tV/nV9AN D/VR/7o/lUlMi/wBWn 6P5U oA56/mWXxTEp6WcRfH 0atC8kU5ODWdpeJ76/uyc ZLsX6Cr0ihG2/lWkUSwe4mY8nbUtvdtgiQZx0NRSjciEduDSxKArM3IA4qrEloXScZBFWFIIypyDWWOmByDzU6XC23ys2c9B6UrFXLpo7H6GmI6yAMvQ0 pGjz 5/wCPmX/eNafh/rL9BWdeLtvJh/tmtHw91mqVudVT4DaoxRjmlrU5RKSlpKBnNIOKdtwc lCjtTm4WpMCjdkeYgHWrOzFsc1Vmw9yuKvSDEBBoGaFnKfskEWPU5qa5OIjQkQSC0I6lCajuj 7rZAU/wCHNQRdXJ9anbpioIv4vrRMEPk5EeP74o1tDb3lteAYDfu3pV5lhHo9aOoWy3lnLC3UjKn3rmnHmi0dFKXJJSM/GKKr2Uxmtxv/ANYnysPcVYryWrOx9FF8yuNp1FFIYlFFFAxKdTadQISiiigZWmk 0bLa2YNLM zjt612kMYhgjjyMKAuSa4s20sF6l5YOkVyv94ZBp8y3V9IZNTunkYfdSI7VWu lOEI7nk4ilUqVNjtSdvLcY5zWDP4niWciC0kuIEOGkX lZT3mpmxOnlt8bH/AF5PzbfSpEVY0VIxhVGAKqpiFHYzpYOU782g7W9Tstat0gt7dmnJGZJEwUH1qGOztYseXAgx0J5qXP0/KiuapWc9juoYWNP4tQJzQKVFMjbVGTV9NMJXLvz7VjZs6HKMNzOIByDyCMVq E5idOe2brbuVH0rPuITBJsJz71Z8LHF5qC 4NdWG0bRxY5JxUkaeqaTa6rEFuFIkUfLIvVTXPWfhy/t9YtmlKyW8bZ8xeD NdhRXbZXueUFFFFUAUUUUgCiik lIYtFFFMRma6CtvDdKcNbSq fbPNbgYOodeVYZFZ95CLi1lhIyHQim6DOZ9IhD/fjyjfhSkBX8RDE lue1xioPFS50l89pFP61P4nBENlJ2S5Wm KF3aNdEdvmqQNmHmKMj 4P5VHqU32fTrib 4hpdOcSafbOP4olP6Vn J5P JfHbqcNcSqgHqO9JAVNMsymm2p 7kbmPueaty/NAWLbmU9auqgSMR44UAYqq8YhkPykoetbIzZXjb/AEd/UGnDH2YH 8aRY1iLqDkEUSFfJRD1piFiHJOflTr703yvtEmQeacRtTyVOWbk4q5awCJc9zSGiSJBHGFXoKfRTe4qCzhtT/5CU/8AvVo H1ISVh3rP1UY1Gb/AHq1dBH iE rVEdzon8BpUUUgrY5x1MNPpCKAObj /T5PTtTVPzcU6QZxSMTNZtt4PrV UkwA pxWb1ueeea05P PVfrSGb8sW22tnHQR4qleHCD61qvzpcP0FZl2AYx9a2iDKR71WiOS31qy3SqsPVvrRU3FEe5IePH94Vu1gyHBQn1rcU5APtWZqjE1KAWF99pAxBMcPjsfWpB0zWrPDHcQvFKu5HGDWCoexuPslwfl/5ZP/eHpXBiKVveR62Dr6ckizRRRXGemFFLSUAFFLSUgCiiigQlFJRQA6iilGScDk00AlOjjaV9qDJqeCylmPzDavvWrb26QrhBz61aizCpVUdiOzs1gXJ5Y9TVqijNa2sccpNvUytW/wBalJ4VT99fTZ4LhR FVtTuB5kkhPyxitTwzbtBpCO/35iZD NaYde82TinanGJrUtJS12HnCUUUU7gFFFFFwCuXv8AUX8Pa5l98tldDcR1Kn2rqKqahptrqMapdRltpyCDgihgUbDxPp1/c/Z4/MiY/dMgwGrY59DXE I/Dn2IC708OYQfmQclD6iqcuuau8ABu5QiD7yxY/Oo5rbj5b7HodZujN9n1W9sjwGPmoPY9azfDXiNb0C0vmC3AGVkP3XFWNbvbbTr z1ATxkq3lyqpySpovdCLvisH xtw6pKjfrU2qR dpVwp43wkjP0rndY1y61u3e2srfybVsZkl 8foKz3sprgD7XfzyMBjg4FZurFaHRDDVJK6R2PhmXzvD9m2OQu0/hVfVMXHiWwt85ECNK317VB4FkDaPJAMnyZivXtWbfalcweLLy5t41kSFVjdD1I9qq6WpkotuyOu681WuzOfliQMp60WF9BqNsJ7dsg9VPVT6GrPStUzNozI0lif50OcU aUMBvTHvitDNIQGGGGRTuTYgtUiCbo23Z7mrFNSNUGFGBTqBoBR3oFA9akZwmpNu1Cc/7VbWjJssFJ6sSawb1s3kx/2zXSWK7LKIf7NKO5vU FIsUUtFaGAfw0UCkNAHOL1p03I2jrSKCDmnYw2aRijK2YuMe9aUwxbxj1NZ f8ATP8AgVaFwcrGKQzqwudLXPZRWRdDMP0raXjTv ACsmYZhb6VtTFIzWHy1DFxu tWM4WqatiRgKKg0LOfu/Wt6P8A1afSuelUgqT3NdDF/qk lZlIfUN1ZxX0JilH 63dT6ipqVPvVLVzRO2qOfmSfTJRBfDKH/Vzjo31qX37V1MtvFc2/lToHQ9mrnrvQLuz3Sae/nxD/lgx5H0NcVXD9YnqUMYvhmV80VWS8TzDFOpt5R1RxirI56c1yOLW53qSlqgoooqSgopMUrlUGXYKPegYYoxQMHkHNBO3knAoEWrG2W4YlzwvatWO2ij6KKxbacwuJEOR39xWzDcxyoCrjntnmto2sclbmv5E9FJketQy3MUI dx9KoxtcnPA5NZd5fdY4T9TUV1ftN8sYKrWbLK5mW2tl8y4foo5x7mldy0iaxgoLmmKIG1K/isUztzvmI7KO1doihUVVGFUYAqho mrptttJDzPzI/qav130ociPMr1XUncKKKK1sYhRRRUgApaKY0iocMcUAOoqMzRqQCwyelODqxIDA461VhXH9Rg8g9RUbxxvG0bRoUYYK7RyKfVPVdSi0y181/mduI07sal2tqUk3scVr jDS79BCRLFMcpGG ZD/hWbc2xQj7TbtFno c4roESR5murk7riTqf7o9BT5EWVCsg3KexrhlWV9D1KeEfJruUtLuJJI2hkOWj6H1FXqRURPuqB9KWuaTTdzugnGNmRQRNaStJaTSwF WCHg0sUKxO8gLNI5yzseTUlFNzk1YUaUIu6RHEtxa3RnsbjyGcYkGMhvwrQ0zWriHUEtdRl82OfiOXGMN6GqdQX0XnWjgcOvzIfQitqVeSdmcuIwsJRbitTuDwcUlVNIuTfaXb3HVmT5vrVuu88YdRQKKYDaGOFP0NOprfcb6GkCPPpvmnf3c/zrrolxEg/wBkVyMn vb/AH/612Cf6tP90URNqmyFoooqzAKKKKAOdSnngGmIKc3I/GgzMsqRc89S1X7j5WQdxiq0g3Xy46CrJ/eXaqem4UkB1cr7dNBPcAVnMpKNgHpSXt00lwsABCJjj1qay1yzSJluVKOp6Y61p8I9zGbpUMQzO1W7iRJZWkRcKxyBVWD/AFr0TEhLoY2fWtuP/Vr9KxroZdB6mtpBhQPQVJUR9Oj 9TadH96g0NFelO70wU kBQ1Wzs7tQt1Ert2OOaxDoEa82t3ND7ZzXTlQTkgHFNMCMc7cfSocYvdFRnOPws5kaNqecR3cT 7JUyaDqjffvIFHslb4gCkFSeKkxUexh2NViqvc59fDczf67VHx6IuKnHhmxELh/Mmcjhnboa2sUtNUoLZEOvUe7OLtmPllG4aMlD FSModSp6EYqbVofsestgYiuV3D/eHWoq86pHkme3Rn7SmmR6PplxPZu1tcAyRMVaKTp FLLDe25zPYSgf3o/mqIahPpF 7xeXtnTJ8zpkV1Giai2pWKzFPLkzh09DXUqUZq55zxNSlJxepzJu36eTdfTaacn2qZsQWE7H1YYrs80En1qvqy6sX12XRHMwaHqFyf8ASpktY 6pyx/GtvTtMtdNQrbphm 855Zvxq3RWsacY7HNOrOo/eYUUnSlrQzFooopjEooooAilk24HrULgOw3Zy3AqaZCwBUZI7VEyll2dGzkH0oIZW8najEdQeDUkULMnmRnmnKSwIFLDhRvyQByaokZNeiztGnuGAVR ZrmN09/dfbrwnf0jj7ItSahdDVr/wDdZ xQtwD/ABtTxXBiK32Uevg8Pb35BRUU9xFAMyOAT0Hc1Et1PJ/qbYlf70hxXIos9FzS0LVFV833aOH86a09zFzNACvrGaXILnRaoqOC4inH7tskdR3FSUrFJp6oWkoopDKkNrcwxusd7NGMlo1Q4Cmun8Oai oaaDN/r4m2SfX1rDNT HZTb67cQfwXCbx9RXdQqtuzPLxlCMYqUTqqWkorrPLFprfcP0NOpp6H6Uho8/f/AF7f7/8AWuvT7i/QVycgxeMP mn9a6pfuj6CiJrU6D6KKKsxCiiigDnkPOKc2Bz6UiClcZU0GRnBt16MVbtgWu19c1TRs3yjGKv6aB/aEYP96ktxmldrt1PHsDWfeJH9qb5MGte T/iZb/VarXcKSRlm4ZehFa7iM9WzwelNg/1jmnlMDNJAPvH3xUyBCTcyRH/aFbgrFOGuYB2LVtd6lGiFp0XWmU H71Ms0qKKBSELRSYoxSGLRRRQAtJRTZdwifZ97acfWkBzviV3vXW3s4fNktv3sr/3B6VnG6iWFZGP3/uqOST6Cr iXWoyWMkFhp ZXdhNcyt8uc1raJ4XttNYTzn7Rc/3m6L9BXPVpKbuddDEulFooaHoD3lwt/qUe2NOYYD/ADNW5Yxp3iHj5YLxeB2Diulrk/H19FaafAM/6R5geP1GK0iuXRHPObnLmZuUlVdNvFv7CG6To68j0NWa0IFFLSCloAQ0UGigAooopgOoozRSAbUMsez5wenNWRj1pkwURMXJ296YmUC4SVShyGrL1nUGA/s63P7 X/WN/dWp729hsbVpcmQJxGPU lY1okmHnuDmeY7mJ7egrGvUUInThaHtZeSJI41ijWNBhV4qCa5Zn8i2AeT Juy0t5KyIIo/9bJwvt71JBCkEQRB9T3Jrz9tWey9fdiRwWccHzN 9lPV2qxRRUuTZaikFFNoqSiC4s1mIkiPlTL0Yd/rRbXRd/InXZOO3ZvcVZqC7tlnTg7ZF5Rx2NapqWjMpRcXzRJ6Kr2VyZ0KyDEsfDCrFQ1Z2NFJNXQVDItxHdxXNnIqSx5GWGeDUlOojJxd0TOCmuVlrTdbvIL O31KRZopjhZAu0qfSumriLyHz7ZkBww5Ujsa6fQLz7fpEEzH94Bsf2Ir0aNTnWp42KoeylpsaFFOptanIjg5/wDj9f8A66f1rqF6D6VzN4NuoSe0n9a6aM5VT6gU4m1ToOFOptGaoxHUUUUwOdXO0c8miRiFPrR020SdMUjEz4SWvlJq/ZnbqEZHdqpKB9t4NWoTi9iP 2KSKR0l6v7wN7VTuDiFquXpzIB7VSuf9Qa2QmZ7dKbD9w/WnN0psX3T9amW4IBj7VBz/FW3WGP PyD/AHhW3UI0iFSQffplPg 9TKNKgUUgqQHUUUUgCiiigBKM0GkoAyLO5bSdVvbVVLJNGZ4V9W7ineEfEU tPcxXMYR4jkEelQeK7mOygtr0ttmhlGwf3h3Fb nCyNqLu1jjjSZd5ZRjNQ9xotXVxHaW7zzMFRBkk1454j1d9Y1OS4ORGOIx6Ctnxt4m/tGX7FZt/oyH5mH8ZrkKAO48AalxJYSN/tIDXaV49pt49jfRXEZIKNk49K9csrmO8tYrmI5SRciqQiUUtFFMYGig0VQhKBRQKAHUUUVIAOtSsAU b7vfNRCsTxPqDhV022fE0w c/wBxamT5VdjjFydkY97cLqeqNLEuLSA7Yx2ZvWnZpscaxxrHGMKowKWvMqT53c96hSVKHKNMKm4E5PzBdo9qkooqL3NkrBRRRSAbRRRQMdRTadQIo3yNBMt5EOnEg9RV0EMAw6EZpJFDoUPIYYNJGgiQIvRRgVcndERjyt9h1FFFQaC5wam8MTGz1aeyY/u7gebH9e4qvUN4zQol1GdrwMHB6ZHcVvQnyyOPGU enddDuqQ8VBZXSXtnFcxkFZFB4qf KvRPFRwN2S17KT3kP866mPiJMdNorlr7/j n/wB8109rzaRH/ZFETapsiWkpaSrMRRTlplOWmSznfPs3xtlA/GmzSQ9pFP41WOnxbs7aY1jCP4Tmo1I0EtU3XBcqcDvVlPluoyezCktojEuATt9DRIdsin0IpoXU6a75mB9hVO6/1JqzM28q3qoqrdn9z NbIGUG6U2LjPvTj0pq9amYRE/5fYR/tVuHisL/AJfYT/tCt09ak0iFPg /UdSQ/eFBRpUtNpakQtJRRSGGKKKDQAUlFFBJy/jm0jltYJ5XZI0bBIGa5e416ZNJTTLSZ/IHLMeCfavR9Qs47 xltpQNrjv2NeSX1pLZXUkEykOhxUspFeiiikMK7jwFqxJbTZm4 9Hn VcPU1pcSWlyk8Rw6HIoA9norO0fVotTskmyFdhyPetDcCeCD NWIWiiiqAKKKKQBRTZHWJN8rLGg7scVh6l4u0yy WEm5k/up0pAbF9exafZS3cpwkY/M lcXYXP25prt3DTStlh/dHaq/iXWLi90 OO6VY2c70jQ/dX3rm7e6ltpA8TFSPSsqsedWR0Yeqqc Zo7eise016KTAuF2t6jpWrHLFMoMMiOPY8150qco7nswrQnsx9FQ3VzFZpumJGegxyahi1W0lYKHZCf7wxQoSavYHVgna5coooqDUKKjmnhtxmaRUz2PWmwXUFxkQyBiO1Vyu1zPnje1yWkpaSpNAoop2P/1mgBtOHXAqndanaWwO997f3VrGu9dnmGyEeWnt1NbQoykctTE04dTZvdRt7MEMwZ/7q1zl/qU163znCjoo6CqbMWbLc00nJrrhSjE82riZ1NOh0fh7xJc6bamzTBBcMhbt6ivQ7K7jvbZJ4jkEc xrx6aGW1lCyLtfANd74FvRNaTRknKkE1sjmM/UBi n/wB410ljzZw/7orndRH nzD/AGq6Ox/484f92nHcursiY0nFNc4Qmq8chV9x5FaGFyzilFIDkA0tIo55VprjFPSmtkmgxBcmoputTr6VXn6n6UgRvxHMERPdRUN3/q/xqaFSbODAzlaZdxOsBJXit4jZnGmp1alNMT75 lKe4JiD/j8h tbp61hL/wAfsX1FbhFZGiFp8P36jqSH71MGaApaKKRQtFFFIApKWkpgFFFFSSFcn460fz7YajCv7yPiQDuPWuspsiLJGyOMqwwRSsNHitFbHiTSm0nUnj2nyX aM 3pWPUlBRRRQBueGdSFpeCCZsQynBJ/hPrXbpknMbFh2INeW1oQa1qFvGEiuGCgYAqlKxLVz1W2m3gBuCPXvT5JoohmSaNB7tXk0 tahcY8y6kOOmDiqslxNKcySuxPq1PmGkemXvijSbPIa4MzD GMVgX/AI9ncMljbJEOzvya4yipuMu3mqXt8xa5uZJM9iePyqTS4UBe8uB 5h7H JuwqnBC9xMsUYyzHAq7qkyKsdnB/qoR8x/vN3NICnczvczvM5 ZjmoaKKALukWv23VLe3/56OAa9Zu/Dmm3Uaq9uEZRgPH8p/SvPvB2iNqss8quY3hXMbD 92r0XRL9r21KzjZcQnZKvuO9A02tjz  tUt9bnhSZ547fCqZDnBpXRHXa6gg 1OuCDql wIOZz0pK9ShCKppWOapJuV7kEd7JYy/Z8NcLjKjutObWZSfKS0KykcZqKzGZZ2JG/djr0FEeWv5i3VQAK5HgqcnfudSxdWKtcdFbbj5tyfNlPOT0FPciKaGRQqHfg4GOKlpI7dby9tbVxlJZQGHtXTWowVJxSMKdWSqKVzQeWKP70qL NMFzHJxEksx/wBhDXZQaDplv9y0j47tzVS71MCY2OjQJLcdGYDCRe5NeIsOup6ksdLojitT1W4sJRG1oYmIyPMNYdxqd1cn55CB6DgV1PjXQTZadFetK005fE0jHqT6e1cRW0acY7I5p16k92Kc96SiirMSdLaR7aSdR8kZANQVoaQwaWS2c/LMpH49qpOpRip6qcUAaNyPtmmx3QOZIf3cg9uxqfwxq39l3 JP9TL8r 3vVPS5lS4MMn qmGxv6GqtzC1vO8TdVNAHY6uFF 7Icq4BB9a6GxObOL/drirG/a8iVJD88Yx9RXY6Wc2EX0qolz1iief/AFdVKtzjMZqpWsdjnZahOYxTjUVt0IqekWtjAGB0pmcmqsV3GTgv19ac85HTFK5jYs5J6VFKP3YojfcoNOm 6KjqM39xgsYGVc7U6etZ9zrizRiJYyCeD7VpTDNpb/7orGvbVUk81VGK3QMjPTNIv36TPBp0Y apkwQW43ahGK2s1kWKhtR57KSK2KRogp0P3hTadF1FAzRA4paWikMSloopAJRRRTEFFFFABS0lFAGbr kx6vYPCcCVeY29DXlVxBJbTPDKpV0OCDXs9cj420Pz4v7Qtl dB 8A7j1qGho4GiiipGFFFFABRRRQAUVJHG8r7Y1LMegAya14dCmtY47vUx9ntyeA33m/CgCO3A07TnuW4nnG2L1A7msjNW9Su/tl00ijCD5UX0FVKACiipbeIzzpEv3nYAUAepeALIWugrKRhpm3H6Vo3 iJd3Xnx3EtuXXbKI/ Wg96vafbra2MMCjAjQAVZoA4LW/Dkun3HnabbtLbuPmRTllPr71Xs/Durag43R/Y4e7P94/hXomBRWvtpKPKieVXuc2ngvSRbrG0blwOZA2CTUE3gmxWFjayyxz/AMLsc/ga1tb1y00VYjchiZWwAv8AOtGGVZolkTlWGQaz5mgsjzO8gutOmMN/CyEdJFGUanaSLqfUFvLGLzY7Mb34 97D3r0qWGOdCkqK6nswzSW9tBbR7IIljX0UYraVeUo8rEoJO5hpLf68BsR7GwP3i3Ekn09K2LGxt7CAQ20YRB Z tWsUVgWY3i21F14du0xkhdw orxk9a95uoxNbSxnoyEV4bdxeTdSxH FyKAIKKKKAJIZDFKsg6qc1c1aNRcrMg SdQ4/rWfWnkXOiY6yWz8f7poAzRxWndD7ZYx3Y5kj STH6Gsur2mXAinMcgzFMNjj696AK9vMYJldeor0nSHVtNhZTkMua83u4DbXDxH E8H1FdH4R1MgmykPHVP8KaC h17nKVVqbccGoa1iZMs24wpPrUtRQfcqWky1scy0MbZzGtVJYFjB2Z6dK1fslx/zxb8qgnsroocQOTj0pMzSZFbkGMeuKdICQMetOt7C8WMbrd81ZFncZjBhb7wzQh2ZtTDFrCvfaKo3f8Aqfqav3XzCMLzhao3MUjIAqE/StlsJpmXKNqmnRnIFTTWlwwwIW/KljtLgAZhas5bjSYmmDN/IfRa1Ko6dbTJcSM8bKCMDNX9h9KC0mJUsH3xTNh9KkhBWQE9KQ7F8dKWmeYv94UeYv8AeFA7D6KTzI/7wpvmL/eFSFhTS00yL/eFG9f7wqhWHUU3zF9RSeYv94UE2Y ik8xfUUnmL60FWY6gjIwRkHgj1pnmL/eFHmR/3hQFjz/xZ4c wSm7tFzbOclR/Af8K5avaXMUiMkgVlYYIPQ1y154KsZ5me3uTCrc7MZAqLDPP6UAk4HNd7B4IsEbM927 yjFbdjomk2GDBbIX/vP8xpWA870/QNS1Bh5Fs4U/wATDArp9O8Cxphr fef7iV1xlUjG7j0o3r6inYWpWsdNsNNQ/ZoEiAHLnr ded K9YbVtTbaf3ER2xj tdj4rnuzp/2awheRpuGZOwrgv7D1T/nxm/Khj1M6itH wtV/wCfGb/vmj wtV/58Zv  akDOrofA9l9s8QwkjKxfOaz/wCwtV/58Zv  a7X4f6e nrcz3qeTI2FUPwcUAdxRioftMP/AD0X86PtMP8Az0X86AsTYoqH7TD/AM9Vo 0wf89VoCxR1jQ7PWRF9qU5iOVIP6VoxRrDEscYwqjAFN 0w/8APRfzo 0w/wDPRfzoCxLijFRfaIf ei/nR9oh/wCei/nQFiXFFRfaIf8Anov50faIf ei/nQFiavGvF1r9l8R3aAYDNuH416/9ph/56r dee O9LuLvVkns4GmVkwxTnmgDiKK0f7C1T/AJ8Zvypf7B1X/nxm/KkBm1e0mULd7H 5MCjfjT/7C1X/AJ8Zvypy6JqqsGFjNxyOKYFG4iMMzxt1ViKire1PR9RneOZLKXc6DeMdDVL wtV/58Zv  aAFuf9M06O5HMkXySfTsaowytDKsiHDKcg1tabpWowzmOexm8mUbX4/I1Vl0DUklZVs5WAPBA60BY7DS9Vhv7WNzIqykYZSe9XD1ribLR9SimBaxm2nvjpXU6d9tG2K5tpeOj4rSLE4mkjYGKlDZFQBHB 6akAfPKmi4WM3/hK9I/57Sf9 zR/wlekf89pP /ZooqLmlw/4SvSP e0n/fs0f8ACV6R/wA9pP8Av3RRQK7D/hLNI/57Sf8Afs0f8JZpH/PaT/v3RRSuwuw/4SzSP e0n/fs0f8ACWaR/wA9pP8Av2aKKLsLsT/hLNI/57Sf9 zR/wAJZpH/AD2k/wC/Zoop3C7D/hLdI/57Sf8Afs0f8JbpH/PaT/v2aKKV2F2L/wAJZpH/AD2k/wC/Zo/4SzSP e0n/fs0UU7juH/CV6R/z2k/790f8JXo/wDz2k/79miigV2H/CWaR/z2k/79mk/4SzSP esn/fs0UUBdi/8ACWaR/wA9pP8Av2aP Es0j/ntL/37ooouO4f8JZpH/PaX/v3R/wAJZpH/AD2l/wC/dFFFwuH/AAlekf8APaX/AL9mj/hK9I/57S/9 zRRQFw/4SvSP e0n/fs0n/CW6R/z2k/79miigV2L/wlmk/89pP /dH/AAlekf8APaT/AL90UU7juH/CV6R/z2k/79mj/hK9I/57Sf8Afs0UUxXYn/CWaR/z2k/79ml/4S3SP e0n/fs0UVIczD/AIS3SP8AntJ/37NH/CW6R/z2k/79miigLsP Et0j/ntL/wB zR/wlukf89pf /ZoooC7D/hLNI/57S/9 6P Es0j/ntL/wB 6KKLjuJ/wlmkf89ZP /Zo/4SzSP esn/AH7NFFFwuH/CW6R/z1k/79mj/hLdI/56yf8Afs0UUCuw/wCEr0j/AJ7Sf9 zR/wlekf89pP /ZooouO4v/CV6R/z2k/790f8JXpH/PaT/v3RRRcLh/wlekf89pP /Zo/4SvSP e0n/fs0UUXC4f8JXpH/PaT/v2aP Er0j/ntJ/37NFFFwuJ/wAJXpH/AD2k/wC/Zo/4SvSP e0n/fs0UUXC4f8ACV6R/wA9pf8Av2aX/hLdI/57S/8Afs0UUBcP Et0j/ntL/37NH/CWaR/z1l/790UUXC4f8JZpH/PWX/v3R/wlukf89pf /ZooouFw/4SvSP e0v/AH7NH/CV6R/z2l/79miiqFdn/9k=', '2017-03-28 14:11:46', '2017-04-05 14:57:52'),
(9, 'a', 'a', 'a@gmail.com', 'a', 'data:image/jpeg;base64,/9j/4AAQSkZJRgABAQAAAQABAAD/2wCEAAkGBwgHBgkIBwgKCgkLDRYPDQwMDRsUFRAWIB0iIiAdHx8kKDQsJCYxJx8fLT0tMTU3Ojo6Iys/RD84QzQ5OjcBCgoKDQwNGg8PGjclHyU3Nzc3Nzc3Nzc3Nzc3Nzc3Nzc3Nzc3Nzc3Nzc3Nzc3Nzc3Nzc3Nzc3Nzc3Nzc3Nzc3N//AABEIAFwAXAMBIgACEQEDEQH/xAAaAAEBAQEBAQEAAAAAAAAAAAAABgQFAQID/8QAMRAAAgEEAAMFBAsAAAAAAAAAAAECAwQFERIhMRMiUVJxQWGRoQYUFTIzQnKBwdHh/8QAFwEBAQEBAAAAAAAAAAAAAAAAAAIDAf/EABkRAQEAAwEAAAAAAAAAAAAAAAABAhExEv/aAAwDAQACEQMRAD8AuQAaMgAAAD2EJT+5GUv0rYHgPqdOdP8AEhKO/MtHyAAAAAAAAAANmIpqrkKMZLaTcvggOpisVCFNVrqClUktqMlyj/p14xUVqKSXgj0GbV8VaUK1N06sVKL6pk1lcc7OSnT3KjJ8t/lfgVBnyFJVbKvBrrBteq6HZdOWbR4ALZgAAAAAb8HKMcjDietppepgOr9HXH65NSS32e036o5eOzqjABDQMuTn2ePryT0+BpfvyNRlycISsa/aR2owbXqlyAkQAaMgAAAAAPulUnRqKpSk4zj0aPgAWlCp2lGnPzRTP0MOF4vs2jxb9ut+G3o3GbUJ/O31R1ZWkWlTWuLXVvqUBH5BNX1xxb32j6+p2JyZwAWgAAAJNvSW2epOTSS229JFTjcfTs6SbSdZrvS8PcjlunZNuJb4i7r6bgqcfGfL5HTtcHQptSrzdVr2dEdYE7X5jxJRSSSSXRI9AOOhkvrCjeR764Z65TXVGsAS11ibq3bcY9rDzQ/owFwZbuwt7qL7WC4vOuTRXpNxSINF9aVLOu6c+afOMkuTRnKQ2YeHHkqCa3pt/BFYTP0fW8ivdB/wUxFXjwABxQAAAAAAADnZ6jGpYSm13qbTT+RMFblUnjrjfkZJFTiMuv/Z', '2017-03-30 07:18:20', '2017-03-30 07:18:20'),
(10, 'Mesa', 'Cris', 'cris@gmail.com', 'cris', 'data:image/jpeg;base64,/9j/4AAQSkZJRgABAQAAAQABAAD/2wCEAAkGBwgHBgkIBwgKCgkLDRYPDQwMDRsUFRAWIB0iIiAdHx8kKDQsJCYxJx8fLT0tMTU3Ojo6Iys/RD84QzQ5OjcBCgoKDQwNGg8PGjclHyU3Nzc3Nzc3Nzc3Nzc3Nzc3Nzc3Nzc3Nzc3Nzc3Nzc3Nzc3Nzc3Nzc3Nzc3Nzc3Nzc3N//AABEIAFwAXAMBIgACEQEDEQH/xAAaAAEBAQEBAQEAAAAAAAAAAAAABgQFAQID/8QAMRAAAgEEAAMFBAsAAAAAAAAAAAECAwQFERIhMRMiUVJxQWGRoQYUFTIzQnKBwdHh/8QAFwEBAQEBAAAAAAAAAAAAAAAAAAIDAf/EABkRAQEAAwEAAAAAAAAAAAAAAAABAhExEv/aAAwDAQACEQMRAD8AuQAaMgAAAD2EJT 5GUv0rYHgPqdOdP8AEhKO/MtHyAAAAAAAAAANmIpqrkKMZLaTcvggOpisVCFNVrqClUktqMlyj/p14xUVqKSXgj0GbV8VaUK1N06sVKL6pk1lcc7OSnT3KjJ8t/lfgVBnyFJVbKvBrrBteq6HZdOWbR4ALZgAAAAAb8HKMcjDietppepgOr9HXH65NSS32e036o5eOzqjABDQMuTn2ePryT0 BpfvyNRlycISsa/aR2owbXqlyAkQAaMgAAAAAPulUnRqKpSk4zj0aPgAWlCp2lGnPzRTP0MOF4vs2jxb9ut G3o3GbUJ/O31R1ZWkWlTWuLXVvqUBH5BNX1xxb32j6 p2JyZwAWgAAAJNvSW2epOTSS229JFTjcfTs6SbSdZrvS8PcjlunZNuJb4i7r6bgqcfGfL5HTtcHQptSrzdVr2dEdYE7X5jxJRSSSSXRI9AOOhkvrCjeR764Z65TXVGsAS11ibq3bcY9rDzQ/owFwZbuwt7qL7WC4vOuTRXpNxSINF9aVLOu6c afOMkuTRnKQ2YeHHkqCa3pt/BFYTP0fW8ivdB/wUxFXjwABxQAAAAAAADnZ6jGpYSm13qbTT RMFblUnjrjfkZJFTiMuv/Z', '2017-03-30 07:20:53', '2017-04-05 15:17:21'),
(11, 'Mouse', 'Mickey', 'mouse@gmail.com', 'mouse', 'data:image/jpeg;base64,/9j/4AAQSkZJRgABAQAAAQABAAD/2wCEAAkGBwgHBgkIBwgKCgkLDRYPDQwMDRsUFRAWIB0iIiAdHx8kKDQsJCYxJx8fLT0tMTU3Ojo6Iys/RD84QzQ5OjcBCgoKDQwNGg8PGjclHyU3Nzc3Nzc3Nzc3Nzc3Nzc3Nzc3Nzc3Nzc3Nzc3Nzc3Nzc3Nzc3Nzc3Nzc3Nzc3Nzc3N//AABEIAFwAXAMBIgACEQEDEQH/xAAaAAEBAQEBAQEAAAAAAAAAAAAABgQFAQID/8QAMRAAAgEEAAMFBAsAAAAAAAAAAAECAwQFERIhMRMiUVJxQWGRoQYUFTIzQnKBwdHh/8QAFwEBAQEBAAAAAAAAAAAAAAAAAAIDAf/EABkRAQEAAwEAAAAAAAAAAAAAAAABAhExEv/aAAwDAQACEQMRAD8AuQAaMgAAAD2EJT+5GUv0rYHgPqdOdP8AEhKO/MtHyAAAAAAAAAANmIpqrkKMZLaTcvggOpisVCFNVrqClUktqMlyj/p14xUVqKSXgj0GbV8VaUK1N06sVKL6pk1lcc7OSnT3KjJ8t/lfgVBnyFJVbKvBrrBteq6HZdOWbR4ALZgAAAAAb8HKMcjDietppepgOr9HXH65NSS32e036o5eOzqjABDQMuTn2ePryT0+BpfvyNRlycISsa/aR2owbXqlyAkQAaMgAAAAAPulUnRqKpSk4zj0aPgAWlCp2lGnPzRTP0MOF4vs2jxb9ut+G3o3GbUJ/O31R1ZWkWlTWuLXVvqUBH5BNX1xxb32j6+p2JyZwAWgAAAJNvSW2epOTSS229JFTjcfTs6SbSdZrvS8PcjlunZNuJb4i7r6bgqcfGfL5HTtcHQptSrzdVr2dEdYE7X5jxJRSSSSXRI9AOOhkvrCjeR764Z65TXVGsAS11ibq3bcY9rDzQ/owFwZbuwt7qL7WC4vOuTRXpNxSINF9aVLOu6c+afOMkuTRnKQ2YeHHkqCa3pt/BFYTP0fW8ivdB/wUxFXjwABxQAAAAAAADnZ6jGpYSm13qbTT+RMFblUnjrjfkZJFTiMuv/Z', '2017-03-31 13:25:20', '2017-03-31 13:25:20');

--
-- Restricciones para tablas volcadas
--

--
-- Filtros para la tabla notes
--
ALTER TABLE notes ADD CONSTRAINT notes_ibfk_1 FOREIGN KEY (`idUser`) REFERENCES users (`id`) ON DELETE CASCADE ON UPDATE CASCADE, ADD CONSTRAINT notes_ibfk_2 FOREIGN KEY (`idResto`) REFERENCES restos (`id`) ON DELETE CASCADE ON UPDATE CASCADE;

--
-- Filtros para la tabla restos
--
ALTER TABLE restos ADD CONSTRAINT restos_ibfk_1 FOREIGN KEY (`idUser`) REFERENCES users (`id`) ON DELETE NO ACTION ON UPDATE CASCADE;

